Entity,Code,Year,OutdoorAirPollution,Executions,Meningitis,AlzheimersDementias,Parkinsons,NutritionalDeficiencies,Malaria,Drowning,InterpersonalViolence,MaternalDisorders,HIVAIDS,DrugUse,Tuberculosis,CardiovascularDiseases,LowerRespiratoryInfections,NeonatalDisorders,Alcoholism,Selfharm,Nature,Diarrhea,EnvironmentalHeatCold,Neoplasms,ConflictTerrorism,DiabetesMellitus,ChronicKidneyDisease,Poisoning,Malnutrition,Terrorism,RoadInjuries,ChronicRespiratoryDiseases,CirrhosisLiverDisease,DigestiveDiseases,Fire,Hepatitis
Israel,ISR,1990,2314,,43,728,232,12,0,66,114,11,39,51,51,12461,721,509,62,373,0,35,10,7083,100,822,958,8,6,57,533,1328,399,912,38,15
Israel,ISR,1991,2504,,40,779,249,13,0,66,109,9,48,49,54,13112,718,496,57,409,5,38,9,7583,76,928,997,8,7,31,556,1390,430,989,38,15
Israel,ISR,1992,2672,,42,834,265,13,0,65,110,8,49,47,60,13653,718,499,55,442,0,41,10,8083,109,1049,1024,9,7,38,589,1438,462,1065,39,16
Israel,ISR,1993,2700,,48,885,273,13,0,61,131,6,66,43,64,13590,653,457,50,447,0,41,9,8383,89,1120,985,9,7,,615,1427,466,1105,39,18
Israel,ISR,1994,2739,,41,945,285,14,0,59,134,8,38,38,71,13672,624,433,48,477,0,46,10,8781,177,1241,990,8,7,60,673,1420,489,1178,40,17
Israel,ISR,1995,2780,,38,1009,302,16,0,56,129,9,60,36,76,13702,666,423,46,512,0,50,11,9230,96,1448,1089,8,8,18,722,1423,542,1280,41,13
Israel,ISR,1996,2736,,37,1055,310,18,0,51,144,10,31,38,78,13278,731,414,51,547,0,54,12,9528,206,1695,1113,8,10,73,758,1406,569,1328,41,8
Israel,ISR,1997,2707,,44,1104,319,20,0,48,127,13,38,42,79,12905,786,415,54,581,17,61,13,9795,57,1976,1194,8,12,31,782,1413,596,1379,44,6
Israel,ISR,1998,2694,,42,1161,332,24,0,44,123,11,38,50,78,12780,807,409,60,566,0,83,16,10099,25,2179,1304,8,15,19,777,1444,614,1417,43,5
Israel,ISR,1999,2645,,42,1214,343,29,0,46,167,10,32,58,74,12324,824,406,71,549,2,110,17,10275,8,2377,1364,9,18,6,773,1498,640,1473,44,4
Israel,ISR,2000,2605,,39,1268,352,30,0,48,206,8,31,75,70,11969,853,398,75,559,3,128,15,10437,119,2506,1485,8,20,11,794,1523,655,1487,46,3
Israel,ISR,2001,2557,,38,1307,359,30,0,52,204,10,35,81,63,11574,839,379,78,568,2,142,14,10531,495,2557,1599,8,21,141,786,1510,652,1486,45,3
Israel,ISR,2002,2553,,38,1357,372,31,0,52,229,7,29,85,59,11459,883,386,76,557,2,154,14,10730,1213,2578,1736,8,22,337,784,1532,662,1530,45,3
Israel,ISR,2003,2557,,39,1412,384,33,0,49,222,5,33,80,53,11281,927,369,78,546,0,165,15,10875,625,2639,1780,8,24,156,757,1540,665,1551,44,3
Israel,ISR,2004,2506,,36,1472,392,31,0,49,251,7,30,75,48,11024,966,333,76,534,0,171,14,10900,573,2569,1890,8,23,59,734,1538,657,1571,43,3
Israel,ISR,2005,2508,,36,1548,408,31,0,49,249,6,33,66,45,11031,1037,315,74,543,0,181,14,11078,256,2540,1982,9,23,45,716,1573,666,1613,45,3
Israel,ISR,2006,2501,,35,1602,418,32,0,49,238,10,32,60,41,10831,1080,305,68,532,0,195,15,11273,682,2481,2023,8,24,57,672,1577,660,1631,44,3
Israel,ISR,2007,2562,,34,1672,437,36,0,49,196,8,50,58,39,10840,1164,293,66,534,0,219,16,11578,320,2487,2040,8,28,17,667,1605,661,1663,46,3
Israel,ISR,2008,2544,,34,1747,443,41,0,50,187,8,36,54,35,10516,1206,293,62,535,0,242,18,11656,751,2412,2028,8,32,34,649,1588,645,1652,47,3
Israel,ISR,2009,2525,,26,1829,450,43,0,47,192,7,38,50,32,10313,1220,293,61,539,0,259,16,11751,707,2328,2057,8,34,1,626,1582,641,1660,46,3
Israel,ISR,2010,2537,,26,1920,463,45,0,48,197,8,31,47,30,10307,1263,288,58,543,2,286,15,12037,68,2266,2138,8,37,4,615,1610,639,1684,61,3
Israel,ISR,2011,2585,,27,2016,487,46,0,46,195,5,41,45,28,10571,1343,278,58,531,0,310,15,12314,94,2284,2238,8,38,21,599,1675,664,1755,47,3
Israel,ISR,2012,2565,,26,2101,503,46,0,46,174,9,45,43,27,10581,1405,273,59,521,0,333,15,12499,87,2279,2308,8,38,14,583,1712,666,1780,46,3
Israel,ISR,2013,2533,,28,2198,516,46,0,47,173,13,46,46,24,10658,1454,257,58,514,4,348,15,12688,10,2277,2359,8,38,2,580,1740,672,1804,47,3
Israel,ISR,2014,2487,,28,2295,529,47,0,47,170,11,38,46,23,10737,1519,257,58,509,0,360,15,12855,1734,2281,2413,8,39,49,572,1774,673,1822,48,3
Israel,ISR,2015,2499,,28,2408,549,48,0,47,180,8,46,49,23,11063,1615,255,56,512,0,373,15,13222,16,2345,2514,8,39,20,593,1837,691,1879,47,3
Israel,ISR,2016,2395,,27,2503,556,49,0,48,165,9,40,51,23,11174,1648,259,58,516,0,371,15,13386,28,2353,2530,7,40,16,596,1846,692,1896,47,3
Israel,ISR,2017,2366,,27,2606,569,50,0,47,175,10,38,55,24,11553,1661,248,61,522,0,371,15,13700,27,2439,2586,8,41,3,600,1899,709,1944,48,3
Israel,ISR,2018,2427,,28,2700,590,51,0,47,180,9,38,59,25,12034,1708,238,63,533,12,378,15,14212,79,2558,2690,8,42,,616,1973,736,2015,49,3
Israel,ISR,2019,2479,,28,2777,605,52,0,47,184,9,37,63,26,12393,1739,226,65,545,0,386,16,14627,6,2647,2765,8,43,,610,2027,756,2067,50,3
World,OWID_WRL,1990,,,432524,560935,147238,757152,840553,460665,373124,302586,336387,56144,1777469,12068420,3320008,3005945,116435,739087,50248,2896268,55079,5755373,116364,661824,601307,88000,656314,7148,1113411,3093755,1012975,1855372,123213,166405
World,OWID_WRL,1991,,,428900,583499,150955,729479,859283,454574,384328,298443,431156,61900,1787128,12226555,3284673,2976440,122526,752871,156576,2904396,56668,5870802,85086,680395,613969,87858,631330,8429,1117666,3149299,1027439,1878516,124037,165338
World,OWID_WRL,1992,,,426722,606241,154979,700996,856695,447255,407830,299461,540625,66836,1808478,12444358,3260524,2951726,131712,770582,12036,2873098,59944,5998995,62093,703044,630556,88474,606325,9742,1126217,3208851,1043531,1904767,125091,163749
World,OWID_WRL,1993,,,421104,629938,160345,674537,862512,445641,433541,293727,665151,71617,1775454,12808626,3228705,2925823,143954,792206,21381,2799886,66828,6170027,62752,728897,647662,90073,584222,,1138091,3267665,1068326,1940585,127585,161946
World,OWID_WRL,1994,,,414064,652551,164474,650113,855983,443548,442677,293314,801004,76746,1754546,13032854,3189013,2897848,153917,817987,12760,2741561,72321,6299073,566518,752098,665781,90937,564338,7690,1154304,3298371,1089924,1968709,129705,159482
World,OWID_WRL,1995,,,410088,675206,168976,723386,862940,437488,444969,290718,939400,80010,1739497,13135903,3150488,2874948,156766,826232,19174,2674486,72653,6405941,67252,774357,684135,90395,641362,6103,1163463,3314399,1104987,1985322,128616,157222
World,OWID_WRL,1996,,,417495,697074,173920,672263,872785,423478,433394,287916,1062658,81732,1721637,13220307,3092945,2842377,156401,820445,14876,2616493,67615,6493740,87367,799921,705064,88899,594098,6966,1163484,3343716,1115851,1996581,126892,153459
World,OWID_WRL,1997,,,401124,717759,179448,647966,893230,413586,428051,289635,1175308,82605,1726761,13346704,3049387,2818851,155476,822959,17873,2580163,63840,6589264,99312,828638,731502,87408,572638,10924,1170473,3383022,1129580,2015735,126360,151946
World,OWID_WRL,1998,,,393598,739206,185199,620761,901666,407388,432739,289480,1304896,85105,1725031,13468412,3001489,2794868,156337,830149,48289,2545692,64874,6706446,108892,855347,759156,86719,549803,4688,1178491,3402606,1142133,2031693,124834,149613
World,OWID_WRL,1999,,,390356,762078,191651,593679,894094,397349,441394,289013,1441111,87365,1719853,13727835,2952374,2767575,160670,841164,69612,2498034,63391,6860918,141942,880473,785874,87371,527676,3393,1195982,3420830,1159185,2055304,126022,147069
World,OWID_WRL,2000,,,386211,787089,198655,568710,882382,387815,451150,287210,1560801,89718,1715139,13964207,2897435,2740621,166153,839548,8924,2441610,65468,7005380,120087,906946,815370,88840,506110,4403,1213031,3451228,1178262,2080656,126750,144174
World,OWID_WRL,2001,,,380120,815021,206313,542809,913037,376103,451994,282640,1663535,87355,1683058,14192854,2832200,2711523,170844,821049,29503,2379473,66760,7117805,67104,935847,843330,89326,483298,7729,1224896,3467076,1200898,2108906,126520,140192
World,OWID_WRL,2002,,,372500,846201,215053,517989,929531,362146,463129,276442,1747605,84779,1650182,14509075,2790426,2692641,175378,811501,8918,2313613,69953,7257594,66446,971561,874671,89958,462305,4805,1237786,3491562,1228256,2145111,125618,134987
World,OWID_WRL,2003,,,369377,877539,222375,417494,960008,347930,447514,269609,1809961,82283,1612941,14718320,2748272,2672560,178952,814830,35512,2243904,71973,7392016,71091,1001334,902780,90675,365960,3317,1248905,3492938,1252440,2174886,125826,130208
World,OWID_WRL,2004,,,363658,909696,227822,394175,961129,338599,441673,265466,1844490,81873,1559197,14753751,2698805,2649140,180550,819584,242938,2167428,67154,7508315,70562,1019233,923527,91491,345736,5743,1259242,3464172,1267253,2189105,123748,127996
World,OWID_WRL,2005,,,362012,946177,236635,376958,940883,332880,436805,264605,1833561,85023,1533147,15003467,2679572,2621886,181768,826430,88728,2126871,68388,7657499,59555,1052058,957090,92101,330056,6331,1269937,3480523,1294673,2227349,124266,128244
World,OWID_WRL,2006,,,359179,982881,242887,362686,942101,320055,428234,259454,1769283,85452,1500031,14999652,2647662,2588385,177815,814440,19937,2110230,64640,7726714,74623,1072209,982396,89895,316414,9380,1268190,3462798,1300973,2236529,121366,124781
World,OWID_WRL,2007,,,352953,1022661,250616,347611,940521,312076,420911,252743,1670624,85994,1470772,15125504,2618954,2550490,174060,802831,16229,2077233,59800,7854808,71352,1093962,1010984,88513,302283,12824,1274027,3468795,1312671,2252604,119694,120548
World,OWID_WRL,2008,,,343651,1065922,260531,335821,933255,305047,423710,248086,1560729,87107,1448161,15410390,2604854,2517065,171679,797878,235973,2045625,57777,8031392,64747,1123503,1046451,88731,290880,9157,1285039,3511600,1331276,2281303,118372,117313
World,OWID_WRL,2009,,,337066,1110040,267889,323074,918165,297046,423685,244366,1454432,87058,1406123,15561020,2573121,2476333,166803,786196,11000,1978087,54847,8171963,71633,1143635,1074778,87937,279514,9273,1282368,3499545,1331125,2281052,116271,112681
World,OWID_WRL,2010,,,326965,1156603,276340,322389,910161,291003,418385,239943,1365783,88106,1365562,15846711,2547333,2430201,164386,784770,248861,1929559,58675,8333679,54505,1166915,1108207,87669,279325,7827,1279539,3511351,1341426,2299575,115424,109596
World,OWID_WRL,2011,,,312917,1201821,284645,314533,868828,281285,414873,234859,1284845,89350,1332306,16046900,2529593,2384917,161440,777527,31859,1903750,51648,8473252,62949,1199277,1143989,86135,271700,8246,1268433,3540615,1349614,2317749,113760,106585
World,OWID_WRL,2012,,,300277,1248210,293287,298307,806421,275763,418744,227356,1199767,90967,1318781,16254038,2527752,2341224,159452,767331,8977,1835542,51427,8616504,112387,1237904,1177089,84631,255724,15497,1256149,3559736,1355105,2330760,112180,104623
World,OWID_WRL,2013,,,289674,1295416,303651,291633,752017,266989,416649,223652,1127213,94594,1308067,16499034,2538752,2300572,158918,755876,26931,1788859,49519,8761914,117456,1278750,1215013,83656,249607,22273,1232930,3612298,1359901,2350277,111913,98933
World,OWID_WRL,2014,,,280607,1344496,313104,284764,724533,258658,414448,215061,1073944,99318,1295393,16724998,2533818,2238670,159364,745067,7416,1726438,48791,8925062,188089,1321981,1248226,82015,243129,44490,1214700,3653162,1364180,2365400,110198,92878
World,OWID_WRL,2015,,,267947,1395701,321963,278979,703065,254407,417393,208626,1030605,105431,1268132,17099164,2534793,2184319,160786,742962,15591,1679781,51682,9138501,167164,1367511,1287809,81013,237901,38853,1202132,3692439,1385734,2405760,110255,88786
World,OWID_WRL,2016,,,261408,1452620,330916,273382,660569,248984,413573,203912,996978,112899,1250088,17408326,2517869,2100235,162123,743255,8699,1640560,47509,9341881,161785,1414338,1325894,79987,232715,34871,1194268,3742353,1404943,2441045,109936,84761
World,OWID_WRL,2017,,,250281,1510447,339540,267638,629854,242003,418221,199369,947838,118356,1232232,17695752,2489649,2016024,162681,743950,13399,1632901,46292,9534619,130850,1456169,1352271,78518,227199,26445,1189003,3797538,1426787,2479463,109262,82507
World,OWID_WRL,2018,,,241812,1569449,351517,258265,631744,240434,420305,198237,893147,123130,1205461,18124018,2488173,1943447,165543,755457,11101,1578639,46295,9797018,103496,1503162,1388601,77847,218382,,1196641,3888249,1448499,2516671,110739,80924
World,OWID_WRL,2019,,,236222,1623276,362907,251577,643381,237242,415180,196471,863837,128083,1179766,18562510,2493200,1882438,168015,759028,6076,1534443,47461,10079637,62985,1551170,1427232,77162,212242,,1198289,3974315,1472012,2557689,111292,79176
World (excluding China),,2007,,1248,,,,,,,,,,,,,,,,,,,,,,,,,,,,,,,,
World (excluding China),,2008,,2390,,,,,,,,,,,,,,,,,,,,,,,,,,,,,,,,
World (excluding China),,2009,,712,,,,,,,,,,,,,,,,,,,,,,,,,,,,,,,,
World (excluding China),,2010,,521,,,,,,,,,,,,,,,,,,,,,,,,,,,,,,,,
World (excluding China),,2011,,670,,,,,,,,,,,,,,,,,,,,,,,,,,,,,,,,
World (excluding China),,2012,,680,,,,,,,,,,,,,,,,,,,,,,,,,,,,,,,,
World (excluding China),,2013,,767,,,,,,,,,,,,,,,,,,,,,,,,,,,,,,,,
World (excluding China),,2014,,603,,,,,,,,,,,,,,,,,,,,,,,,,,,,,,,,
World (excluding China),,2015,,1626,,,,,,,,,,,,,,,,,,,,,,,,,,,,,,,,
World (excluding China),,2016,,613,,,,,,,,,,,,,,,,,,,,,,,,,,,,,,,,
World Bank High Income,,1990,,,8568,259091,55008,9351,96,24031,41172,2248,40955,13219,34207,3592573,305854,66182,27885,155850,856,8759,5818,2136043,1667,176546,127338,7465,7246,,193137,392727,201622,386987,16755,1283
World Bank High Income,,1991,,,8206,271968,56319,9466,151,23836,42170,2156,48979,14345,32728,3577793,310208,62816,28907,156594,835,8536,5901,2169716,3279,181157,129202,7355,7393,,192173,398250,203220,389930,16719,1276
World Bank High Income,,1992,,,7749,284715,57508,9646,174,23519,41688,2064,56210,15399,31261,3546205,316223,59278,29871,156661,299,8383,5835,2198740,552,184733,131470,7024,7594,,188590,402777,204180,391984,16201,1267
World Bank High Income,,1993,,,7516,297919,59281,9991,186,23383,42184,1977,63117,16561,30253,3556836,328895,55984,30804,157811,1022,8326,6317,2240011,319,190659,135454,6812,7914,,186166,412816,206567,397067,16424,1264
World Bank High Income,,1994,,,7266,310010,60635,10295,69,23433,41782,1937,70541,17756,29438,3532386,334122,53415,31735,158577,587,8312,6289,2268277,494,194593,138851,6529,8224,,184290,417718,207584,399896,16308,1268
World Bank High Income,,1995,,,7054,322227,62738,10775,97,23407,39937,1848,72807,18907,28889,3536632,343058,50341,32336,159796,6012,8485,6970,2311022,503,199583,144594,6211,8722,,182477,427226,209150,404422,15880,1298
World Bank High Income,,1996,,,6787,331957,64438,11143,83,22705,37528,1800,58218,19988,27949,3498899,346033,48083,32506,159155,858,8628,6277,2330437,431,203178,148769,5847,9137,,178630,432060,207821,404509,15994,1333
World Bank High Income,,1997,,,6606,340163,66122,11566,92,22549,35861,1795,34429,21385,26861,3460710,349715,46022,32763,160051,853,8928,6208,2350561,265,205868,153136,5512,9558,,175504,436807,206985,405218,15451,1373
World Bank High Income,,1998,,,6413,348669,68544,12160,198,22558,34715,1696,27401,23013,26228,3451714,354289,44541,33198,162664,1556,9602,6352,2391485,409,211090,159951,5199,10115,,172487,446401,208218,409789,14929,1418
World Bank High Income,,1999,,,6297,357625,71201,12775,54,22375,33633,1682,28616,25051,25651,3446015,356287,43429,33661,163490,3384,10728,6374,2433272,173,217175,167784,4943,10699,,169538,457550,208844,413872,14765,1457
World Bank High Income,,2000,,,6062,367349,73286,13021,28,21947,33068,1683,27087,26985,24487,3386468,348459,42377,33988,163238,520,12145,6076,2454347,270,220622,175327,4734,10997,,165531,458057,207450,413893,14300,1410
World Bank High Income,,2001,,,5869,378978,75889,13079,12,21696,33465,1653,26331,28900,23356,3350083,338901,40985,34582,164200,649,13641,6322,2475880,4905,224657,182620,4648,11104,,162056,460639,207827,416594,14535,1333
World Bank High Income,,2002,,,5533,392330,79109,13240,10,21474,33642,1628,25917,31235,22341,3336445,339715,40156,35082,165718,862,15570,6379,2505924,1345,229420,190586,4585,11273,,159186,468108,208931,421306,14014,1264
World Bank High Income,,2003,,,5410,406013,82197,13326,8,21276,33313,1745,25652,33583,21492,3314306,341688,39399,35720,167502,704,17759,8178,2537506,1358,233210,198355,4574,11373,,155939,475411,210477,425937,14879,1189
World Bank High Income,,2004,,,5187,418668,83891,13025,6,20980,33054,1861,24519,35594,20473,3229057,337428,38276,36350,166967,801,19775,6567,2549944,2117,231010,203699,4484,11142,,151398,473038,208275,423883,13555,1097
World Bank High Income,,2005,,,5093,434650,87080,13168,5,21123,33411,1953,23658,37964,20026,3213382,343642,37557,37051,168746,4419,22246,6717,2583797,1405,232596,212779,4530,11268,,149392,481374,209748,428707,13587,1006
World Bank High Income,,2006,,,4897,449698,89544,13144,5,21037,33668,2016,22596,39842,19376,3171841,342709,36935,37664,169245,620,24526,7314,2608605,1799,230107,220202,4517,11254,,146362,483950,209307,430560,13562,914
World Bank High Income,,2007,,,4822,466455,92604,13358,5,21064,32769,2027,21678,41199,18777,3150975,345679,36462,38190,170961,610,26590,6742,2648156,1557,229305,229096,4498,11446,,143582,492217,210265,434774,13715,877
World Bank High Income,,2008,,,4718,484132,95839,13666,3,20987,32162,2078,20277,42575,18098,3135523,350632,35221,38684,172902,485,28367,6590,2688568,1399,228351,238003,4451,11716,,139758,501990,211153,439115,13163,850
World Bank High Income,,2009,,,4580,501108,98416,13894,3,20855,31137,2097,18975,43978,17444,3112355,352619,33575,38959,174515,1519,29556,6746,2720222,1413,226538,245612,4390,11933,,135672,508314,211474,441561,13079,839
World Bank High Income,,2010,,,4483,520681,101193,14257,3,20837,30087,1968,17324,45310,17002,3102488,357903,31922,39372,174280,1111,30614,7047,2741923,883,224308,255460,4314,12263,,131772,516100,211070,444132,12657,821
World Bank High Income,,2011,,,4285,540189,104516,14678,3,20933,29817,1972,16370,47676,16699,3125732,367268,30991,39896,174280,19765,31463,6777,2781519,791,223681,266080,4272,12628,,129883,528947,212729,450566,12676,809
World Bank High Income,,2012,,,4210,558154,107817,15143,3,20865,29799,1993,15617,50061,16345,3151427,376513,30110,40442,172761,659,32335,6954,2818283,495,223537,275765,4229,13055,,127812,541603,213606,456020,12358,790
World Bank High Income,,2013,,,4151,574664,110456,15532,2,20670,28570,2053,15075,53478,15880,3165952,383810,29330,40976,171300,578,32872,6622,2847682,225,222866,284180,4162,13435,,125332,551638,214396,459954,12782,764
World Bank High Income,,2014,,,4086,590861,112704,15976,2,20449,28187,2037,14431,58062,15429,3175341,389008,28796,41538,169749,750,33106,6454,2873609,2088,223203,292245,4129,13866,,124541,559399,214982,463150,12431,727
World Bank High Income,,2015,,,4100,610933,116306,16860,2,20473,29496,2044,14252,64253,15258,3249318,401977,28311,42298,169786,795,33886,6752,2922845,790,228335,303340,4143,14662,,125389,576826,218561,472962,12459,716
World Bank High Income,,2016,,,4080,628243,118317,17416,3,20568,30363,2071,14599,71638,15189,3282276,408406,27672,42872,168883,921,34022,6542,2956430,786,231688,309871,4157,15189,,126498,585725,220178,478207,12489,707
World Bank High Income,,2017,,,4045,644658,120137,17537,3,20334,29923,1882,14373,76520,15367,3332457,414193,26297,42766,167064,2914,33561,6415,2994910,95,237209,311765,4113,15318,,127160,594172,221230,482799,12407,731
World Bank High Income,,2018,,,4047,662914,123787,17950,2,20176,29235,1810,14099,79288,15584,3435746,428607,25125,42782,166643,721,33845,6630,3064309,113,245170,319626,4096,15692,,128053,610660,224289,492633,12546,746
World Bank High Income,,2019,,,4052,678988,126925,18390,3,20083,28841,1738,13795,82588,15849,3525196,441234,24249,42742,165947,275,34219,8082,3131800,41,252705,327660,4073,16092,,128599,625560,226895,501679,12394,757
World Bank Low Income,,1990,,,114623,15071,4534,188448,369731,26664,21065,60674,203770,776,310896,442556,543089,449307,2797,28478,242,531248,3192,191361,75391,49216,43645,13212,181654,,82028,117865,79174,132353,12479,14813
World Bank Low Income,,1991,,,114812,15569,4647,187392,376937,26139,22476,60775,253549,806,314449,451315,543216,453044,2845,28981,1967,539324,3165,195205,41869,50180,44433,13201,180685,,83597,119824,80441,134432,12525,14940
World Bank Low Income,,1992,,,116674,16112,4772,188294,377923,26087,27175,61349,308423,844,318041,461244,547510,459290,2899,29595,623,543884,3133,199334,11228,51270,45354,13280,181641,,85405,121826,81756,136688,12641,15248
World Bank Low Income,,1993,,,117168,16660,4898,188121,385475,25982,27492,61951,367068,880,321506,471042,550486,465881,2946,30173,1667,545840,3177,202816,9175,52223,46178,13244,181537,,86823,123933,82829,138540,12643,15583
World Bank Low Income,,1994,,,115897,17208,5019,186830,387320,25719,25651,62378,427183,910,325875,480247,551879,471778,2994,30745,2053,566581,3218,206278,534158,53240,46982,13204,180335,,88117,125868,83968,140489,12644,15895
World Bank Low Income,,1995,,,117665,17704,5150,282597,395446,25535,27354,62952,486309,941,330885,491028,551771,477784,3057,31402,845,558691,3254,210339,30306,54553,47858,13149,276139,,89748,127739,85505,142928,12602,16168
World Bank Low Income,,1996,,,120481,18196,5260,255482,405853,24952,29116,63651,541327,968,333387,499875,548708,482899,3121,31995,1171,558087,3284,213906,57356,55814,48702,13059,249160,,91336,128952,86918,145311,12555,16515
World Bank Low Income,,1997,,,118902,18744,5374,252587,414732,24819,27499,63788,591534,993,332227,507394,545668,487844,3170,32522,3244,558114,3300,217210,57903,56908,49393,13101,246423,,92114,130107,88046,147250,12551,16830
World Bank Low Income,,1998,,,117184,19371,5510,250013,424877,24599,29150,64719,635461,1019,332420,516444,541521,491812,3221,33233,7874,554131,3328,221354,62899,58345,50299,12996,243995,,93570,131551,89585,149789,12616,17121
World Bank Low Income,,1999,,,118431,20003,5631,247171,431846,24176,30682,65287,671661,1039,331591,524092,537265,494006,3267,33691,647,545389,3348,224933,95834,59439,51041,12984,241346,,94691,132790,91047,152193,12699,17361
World Bank Low Income,,2000,,,119156,20694,5787,242288,446800,23929,30932,65553,700601,1053,332735,531789,531132,496017,3299,33960,1392,533522,3370,227985,81182,60402,51810,12905,236787,,95683,133902,91919,153700,12809,17592
World Bank Low Income,,2001,,,120533,21314,5920,235744,457176,23737,30461,66017,720318,1066,329929,539543,522468,498604,3332,34233,677,520569,3717,231482,29799,61427,52645,12863,230635,,96639,134807,92649,154795,12784,17727
World Bank Low Income,,2002,,,118272,22130,6103,231027,459569,23547,34444,66933,732593,1082,324734,548282,515478,502021,3373,34501,2271,507618,3476,235867,34855,62590,53542,12887,226214,,97550,135998,93298,155920,12913,17649
World Bank Low Income,,2003,,,121062,22908,6272,150829,470990,23903,33197,68388,738672,1112,320463,558246,509079,506759,3441,35001,834,490943,3463,241257,30631,64020,54571,12959,146300,,99671,138000,94486,157732,13038,17897
World Bank Low Income,,2004,,,119101,23835,6477,144571,468821,23887,32530,69784,736401,1147,314962,569830,500774,511018,3511,35538,6375,475060,3485,247167,23109,65477,55610,13014,140245,,101062,140477,95730,159651,13180,17962
World Bank Low Income,,2005,,,119209,24773,6672,141601,452544,24191,32865,70503,715394,1181,309830,579676,495397,516176,3573,36002,1297,466235,3522,252515,20269,66672,56484,13157,137438,,102440,142699,96868,161392,13411,17932
World Bank Low Income,,2006,,,118412,25762,6889,136148,444650,24198,34432,70834,673288,1215,308228,591599,489415,517480,3641,36481,2023,457712,3546,257962,12114,68027,57519,13215,132150,,103716,145397,97281,163071,13595,17332
World Bank Low Income,,2007,,,116632,26642,7075,130457,436668,24244,34360,71571,621730,1262,307009,603553,483061,519473,3719,37055,1759,448438,3601,263741,13809,69393,58538,13307,126628,,104939,148012,97900,164997,13702,16201
World Bank Low Income,,2008,,,112840,27683,7316,124616,424037,23825,35229,72221,570600,1326,305401,617891,475060,519723,3808,37733,2578,438504,3641,270173,15690,71085,59785,13306,120935,,106088,150706,98775,167185,13857,15043
World Bank Low Income,,2009,,,108213,28700,7544,118974,423742,23664,36435,72746,527957,1399,302872,631409,467032,519396,3909,38470,498,428285,3685,277065,23444,72911,61310,13286,115408,,107141,153366,99972,169698,13895,14141
World Bank Low Income,,2010,,,107323,29787,7775,123710,422522,23439,36892,72983,489264,1442,298296,642426,459528,518525,3982,39108,223943,412001,3696,283693,15505,74562,62638,13242,119889,,108241,155817,101198,171855,13936,13622
World Bank Low Income,,2011,,,101165,30953,8024,120326,401908,23143,38195,73129,454559,1506,295095,657435,453119,517350,4086,39826,550,408073,3747,291516,14475,76701,64214,13272,116566,,109643,158896,102108,174713,14043,13284
World Bank Low Income,,2012,,,99936,32131,8280,106609,385628,23077,39136,72204,420027,1563,292773,672845,448283,514865,4188,40446,1107,391612,3770,299867,19208,78897,65792,13351,103217,,111041,161975,103276,177734,14185,12973
World Bank Low Income,,2013,,,93466,33345,8535,104357,370737,23110,39625,71581,384572,1633,291272,686978,445114,512256,4296,41125,1076,384567,3810,309065,26457,81143,67634,13439,100976,,112573,164863,105041,181511,14374,12757
World Bank Low Income,,2014,,,91100,34475,8748,102055,342915,22908,41283,70944,353348,1706,291041,701268,442233,508091,4413,41960,1529,379105,3807,318084,31136,83287,69517,13521,98695,,114159,167505,106831,185251,14521,12549
World Bank Low Income,,2015,,,87573,35746,9007,99555,333855,22811,42091,69801,328322,1775,289125,718428,437440,502042,4518,42714,10320,372523,3829,326474,32251,85420,71289,13511,96207,,115922,170132,108453,188550,14614,12330
World Bank Low Income,,2016,,,86785,37079,9250,98341,321766,22696,44044,69381,307608,1864,285487,734742,432378,498667,4638,43779,2084,368488,3851,336295,37110,87936,73241,13539,94976,,117121,173027,111037,193154,14791,12190
World Bank Low Income,,2017,,,85255,38588,9541,96454,305776,22157,46384,68826,283489,1958,279999,752894,424079,491328,4763,44809,2844,363663,3856,346524,35808,90392,75018,13512,93059,,117987,176103,114465,198328,14741,12081
World Bank Low Income,,2018,,,83057,40203,9894,91831,294963,21753,48039,68402,259631,2055,275591,773350,417475,485601,4913,45995,892,347428,3913,358058,38580,93493,77075,13514,88479,,119318,179575,116822,201736,14768,11844
World Bank Low Income,,2019,,,81439,41753,10219,87986,300492,21340,45880,68082,247763,2144,271887,792037,411796,478720,5050,47027,1744,334806,3860,368474,31641,96319,78939,13476,84657,,120076,182658,119019,204859,14831,11692
World Bank Lower Middle Income,,1990,,,241139,95964,32781,463736,455394,196568,102238,201948,65544,7129,1154191,3189411,1596857,1819818,30371,232340,6992,2111971,17243,1040609,29039,224766,223877,26237,378617,,351276,1020780,426555,753417,49595,117397
World Bank Lower Middle Income,,1991,,,239606,98776,33820,438797,465739,194830,104704,200636,93519,7423,1170583,3279605,1579771,1808775,31999,238790,150224,2125392,18105,1067467,23780,232831,230788,26623,355969,,357221,1042279,433182,764780,50279,117302
World Bank Lower Middle Income,,1992,,,238400,101594,34866,415035,463295,192251,110304,203156,128490,7721,1193889,3377225,1566369,1803543,33578,245397,8168,2107536,18599,1096759,26579,242379,238449,27110,335442,,362667,1063014,440600,777664,50899,116959
World Bank Lower Middle Income,,1993,,,234614,104752,36015,392581,463878,190563,116333,198895,170112,8058,1165619,3469426,1543417,1794267,35342,249130,14491,2047171,18563,1125937,38788,251495,244669,27217,317182,,367226,1078176,451896,792937,51340,116430
World Bank Lower Middle Income,,1994,,,230967,108030,37038,372959,457159,189185,116029,196747,217098,8436,1144105,3557202,1522772,1783500,37134,254810,6034,1981028,19169,1156751,13985,260969,251304,27544,301875,,371710,1090147,464251,808145,51757,115302
World Bank Lower Middle Income,,1995,,,228922,111256,38009,354344,455373,187092,118249,194132,268632,8776,1132717,3631816,1508004,1779889,38557,259811,8310,1935397,20295,1184786,13388,269797,257026,27896,286819,,374351,1099345,473222,818389,52646,114348
World Bank Lower Middle Income,,1996,,,237503,114665,39327,333557,456547,182472,118378,192076,322878,9052,1125862,3721485,1484950,1766383,39436,264944,5954,1890614,19719,1214593,15211,282394,266750,27772,269518,,376424,1123576,484035,832440,52519,111826
World Bank Lower Middle Income,,1997,,,226774,118283,41387,315451,468770,181656,120665,194598,378468,9513,1142892,3865989,1475360,1761499,40328,276992,7596,1865859,19518,1255326,28311,299715,281537,27571,253865,,387029,1173259,498982,856282,53753,111488
World Bank Lower Middle Income,,1998,,,224687,121580,42728,293709,466549,179732,121877,193719,436513,9728,1145488,3934783,1458813,1756297,40324,283394,31650,1844121,21800,1275609,34481,312428,291393,27162,236292,,393433,1192130,507221,866208,53298,110231
World Bank Lower Middle Income,,1999,,,223595,124515,43365,272375,452775,175545,124470,193213,494838,10066,1142896,3990781,1436191,1750006,40685,292243,13436,1814215,19345,1294875,23172,320363,297362,27245,219628,,400330,1186469,515689,873916,53795,108476
World Bank Lower Middle Income,,2000,,,221822,128153,44921,255588,427840,171300,127230,192392,546644,10345,1137007,4088216,1416863,1743299,41063,296388,5112,1778032,19876,1325396,25484,334379,307239,27402,205868,,404568,1204876,527364,886305,53912,107041
World Bank Lower Middle Income,,2001,,,217331,132331,46929,239242,448718,166887,126238,189144,591278,10559,1114839,4196330,1394298,1734506,41280,294140,24702,1736857,19695,1353596,22427,350323,317155,26990,192321,,408851,1232789,541169,900634,53818,105035
World Bank Lower Middle Income,,2002,,,214608,136994,48875,221753,464214,159063,125557,183649,628137,10839,1090113,4311989,1375695,1734139,41605,291113,2649,1689280,22073,1384306,21853,365996,326717,26743,178523,,410352,1253847,555009,913422,53288,101952
World Bank Lower Middle Income,,2003,,,210576,141426,50057,203722,483902,152152,124221,176563,654699,11058,1062058,4373877,1351003,1728973,41725,284906,2750,1640199,21686,1403945,20068,378428,334560,26283,164545,,408800,1256213,565716,919905,52147,99237
World Bank Lower Middle Income,,2004,,,208516,146333,50573,189701,487738,149059,127394,171826,670951,11491,1020977,4385793,1325052,1721167,41992,285606,223738,1583760,19752,1420442,23466,386286,339413,26277,153407,,411117,1233149,574333,922758,51835,98529
World Bank Lower Middle Income,,2005,,,208137,152549,53269,177442,484110,148365,129594,170895,671418,12354,1006878,4528066,1312828,1707496,42677,292146,80483,1555047,20324,1467610,9983,405985,353971,26023,142480,,420453,1271604,591405,943981,51818,99857
World Bank Lower Middle Income,,2006,,,207843,158927,56058,170581,493541,145603,129566,166478,655488,12149,989994,4668128,1303048,1689778,42950,295387,14156,1549857,20307,1510490,17154,425821,366257,25667,135824,,429556,1322102,602122,958319,51702,97753
World Bank Lower Middle Income,,2007,,,204449,165074,58358,162598,500439,142643,130616,160340,622179,12326,976913,4807317,1285683,1665159,43382,294022,10919,1529352,19478,1558447,15062,442916,377122,25315,128435,,440438,1360317,614890,973467,51591,95297
World Bank Lower Middle Income,,2008,,,199815,171928,60933,157024,506424,140220,131868,155757,581806,12482,965742,4949185,1271972,1645809,43437,292891,142963,1509755,18967,1608516,29322,461150,388705,25133,123091,,451681,1399095,627639,988697,51494,93590
World Bank Lower Middle Income,,2009,,,198534,178670,61247,149900,491686,135304,132081,151609,543020,12407,936307,4976345,1240141,1620400,41921,287691,7184,1454818,18204,1636656,34159,469249,392771,24353,117271,,453419,1377437,626986,982118,50664,90195
World Bank Lower Middle Income,,2010,,,190535,186026,62186,144188,484715,132344,129876,148539,514871,12357,908241,5070578,1211088,1592740,41338,291470,6441,1424408,18192,1684689,27777,482523,400662,23943,112394,,457696,1379836,635577,990619,50768,87915
World Bank Lower Middle Income,,2011,,,183952,195160,64410,139534,464136,129663,129215,144603,490785,12451,887772,5189665,1190935,1560633,41367,295671,5530,1404187,18141,1737976,32123,505328,413236,23481,107967,,464526,1415800,646457,1004133,50686,85459
World Bank Lower Middle Income,,2012,,,173362,207292,67324,136550,417978,127347,132412,138770,465313,12413,884008,5331986,1182743,1527713,41063,295733,5001,1353924,18523,1791366,80323,532773,424204,22976,104953,,470563,1448821,652037,1008634,50409,83957
World Bank Lower Middle Income,,2013,,,169960,221461,72074,131055,378408,122183,133637,135979,441635,13092,881440,5470216,1184801,1503572,41050,291618,22840,1315381,18768,1854951,67496,557743,438557,22779,100167,,464353,1508778,655115,1018053,49987,78570
World Bank Lower Middle Income,,2014,,,164035,234248,75625,125532,378942,115386,132996,128483,420878,13371,874349,5549551,1170540,1460200,40606,283902,2725,1259562,18099,1904365,110775,580731,449871,21679,95176,,456447,1548136,653708,1017821,49232,72816
World Bank Lower Middle Income,,2015,,,155499,245056,77847,120585,366737,113764,135522,123547,396463,14289,853357,5746363,1156783,1420562,41969,285735,3161,1219852,22122,1993523,99275,603086,465111,21858,91044,,456909,1573315,669451,1040433,49970,68973
World Bank Lower Middle Income,,2016,,,150263,256619,80292,114287,336273,109634,128482,119684,373906,14796,841362,5855152,1126248,1351749,42915,286917,2939,1185161,18471,2058494,84830,624499,479564,21474,85497,,456200,1593485,680983,1056669,50041,65055
World Bank Lower Middle Income,,2017,,,141452,269652,83484,109496,321334,106271,129504,116516,354991,15294,833491,5985475,1100431,1296189,43973,290065,3907,1183248,18397,2119846,64655,643391,491314,21256,81142,,457479,1629099,696334,1080854,50074,63034
World Bank Lower Middle Income,,2018,,,135914,284473,88017,103855,334156,106798,131765,116262,343433,15993,814239,6160202,1089628,1246590,45099,300230,8914,1145670,18386,2197070,57306,669180,507178,21236,76061,,465283,1680573,709388,1100326,51060,61914
World Bank Lower Middle Income,,2019,,,132489,297323,91120,99836,339666,105799,131413,115199,338846,16585,793679,6291011,1079601,1205270,46164,304890,3343,1113866,18171,2268203,27938,690921,520920,21096,72684,,469269,1709153,721089,1116675,51471,60419
World Bank Upper Middle Income,,1990,,,67918,190487,54833,95265,15078,213193,208394,37548,25797,35009,277433,4837586,872449,669271,55337,322130,42124,242976,28814,2384551,10189,210538,206063,41042,88462,,486325,1561374,305066,581625,44295,32856
World Bank Upper Middle Income,,1991,,,65988,196850,56085,93483,16158,209568,214715,34709,34681,39314,268628,4911508,849733,650448,58729,328214,3525,229840,29485,2435556,16089,215448,209155,40638,86959,,484026,1587919,310031,588374,44424,31765
World Bank Upper Middle Income,,1992,,,63617,203470,57746,87690,15027,205198,228391,32725,46948,42857,264547,5053249,828678,628263,65317,338631,2940,212003,32365,2501243,23703,223854,214883,41019,81333,,488901,1620185,316419,597414,45259,30221
World Bank Upper Middle Income,,1993,,,61532,210243,60059,83524,12675,205515,247252,30737,64166,46104,257335,5304754,804160,608342,74814,354787,4189,197274,38759,2598277,14451,233679,220948,42758,77285,,497215,1651667,326446,611004,47089,28616
World Bank Upper Middle Income,,1994,,,59668,216925,61690,79720,11120,205018,258930,32084,85346,49627,254390,5456392,778504,587813,82004,373547,4042,184374,43633,2664737,17443,242433,228223,43621,73610,,509521,1663546,333525,619133,48906,26966
World Bank Upper Middle Income,,1995,,,56187,223626,62984,75371,11708,201264,259137,31617,110686,51367,246269,5469718,745925,565591,82764,374914,4002,170683,42123,2696704,23013,249535,234223,43101,69399,,516213,1658973,336504,618524,47398,25357
World Bank Upper Middle Income,,1996,,,52486,231847,64795,71794,9994,193162,248081,30218,139153,51703,233707,5493248,711525,543678,81286,364039,6882,157984,38323,2731647,14327,257621,240395,42184,66010,,516416,1657989,336464,613251,45736,23735
World Bank Upper Middle Income,,1997,,,48609,240146,66462,68084,9350,184378,243726,29280,169722,50689,224053,5505751,676912,522153,79160,353084,6140,146125,34802,2762957,12784,265221,246977,41186,62528,,515149,1641687,334949,605907,44515,22206
World Bank Upper Middle Income,,1998,,,45087,249146,68311,64610,9711,180316,246693,29172,204280,51320,220170,5558486,645123,500888,79537,350546,7054,136732,33383,2814691,11056,272531,257035,41327,59147,,518321,1631333,336480,604814,43901,20796
World Bank Upper Middle Income,,1999,,,41811,259477,71344,61101,9111,175074,252305,28653,244660,51180,218995,5759825,620876,478805,82998,351427,52124,126629,34311,2904438,22684,282519,269186,42163,55760,,530735,1642800,342969,614216,44672,19728
World Bank Upper Middle Income,,2000,,,38955,270419,74548,57566,7393,170459,259623,27402,285057,51306,220197,5950544,599236,457599,87743,345654,1894,116874,36134,2994177,13076,290542,280472,43763,52223,,546567,1653162,350891,625645,45637,18086
World Bank Upper Middle Income,,2001,,,36175,281906,77459,54503,6804,163602,261520,25645,324135,46799,214230,6099556,574787,436099,91590,328170,3467,107401,37013,3053282,9940,298417,290364,44789,49011,,556666,1637589,358603,635754,45292,16053
World Bank Upper Middle Income,,2002,,,33878,294237,80846,51735,5404,157882,269173,24048,359454,41594,212301,6304921,557807,415000,95258,319868,3124,100171,38013,3127866,8361,312512,303263,45708,46074,,570012,1632340,370361,653322,45310,14078
World Bank Upper Middle Income,,2003,,,32123,306663,83723,49390,4761,150420,256463,22725,389418,36502,208241,6464233,544763,396103,98006,327119,31189,94053,38632,3205567,18987,324590,314704,46824,43527,,583803,1622010,381087,670147,45670,11841
World Bank Upper Middle Income,,2004,,,30647,320313,86750,46655,4219,144494,248364,21803,411088,33613,202105,6561245,533802,377353,98637,331170,11513,87903,37338,3286926,21808,335336,324192,47680,40733,,594968,1616178,388232,681629,45085,10364
World Bank Upper Middle Income,,2005,,,29365,333641,89479,44528,3884,139020,240579,21060,421604,33497,195743,6674353,525944,359329,98404,329231,2519,82427,37812,3349636,27850,345646,333216,48355,38664,,596946,1583491,395958,692068,45350,9406
World Bank Upper Middle Income,,2006,,,27821,347912,90257,42601,3553,129037,230212,19933,416493,32217,181770,6560040,510742,342871,93498,313024,3117,77236,33460,3345646,43486,347077,337758,46460,36985,,587850,1509981,391567,683372,42411,8739
World Bank Upper Middle Income,,2007,,,26847,363889,92435,40990,3083,123945,222791,18613,403715,31177,167420,6555459,502789,328085,88706,300487,2913,71974,29967,3380334,40859,351137,345543,45357,35579,,584358,1466858,388915,678146,40591,8132
World Bank Upper Middle Income,,2008,,,26083,381557,96294,40311,2447,119838,224066,17838,386811,30695,158278,6699411,505450,315018,85685,294043,89725,68144,28567,3459883,18283,361673,359248,45805,34947,,586802,1458395,393000,685071,39762,7790
World Bank Upper Middle Income,,2009,,,25549,400919,100528,40107,2363,117048,223623,17726,363299,29246,148869,6832381,511601,301681,81947,285208,1777,64590,26200,3533662,12565,373669,374350,45873,34716,,585430,1458996,391975,686425,38539,7469
World Bank Upper Middle Income,,2010,,,24436,419449,105027,40032,2577,114209,221133,16267,343162,28969,141405,7022598,517097,285747,79627,279599,9508,61677,29728,3618952,10302,384244,388694,46134,34589,,581127,1458155,392858,691709,37967,7202
World Bank Upper Middle Income,,2011,,,23334,434839,107535,39795,2517,107373,217228,14970,322003,27690,132137,7065372,516564,274687,76022,267437,6006,59042,22971,3657754,15512,392258,399682,45075,34352,,563678,1435514,387587,687063,36260,6996
World Bank Upper Middle Income,,2012,,,22592,449933,109700,39815,2571,104301,216976,14209,297732,26902,125066,7088922,518502,267292,73689,258076,2194,56897,22167,3702407,12268,401373,410528,44040,34322,,546026,1405862,385442,687078,35133,6868
World Bank Upper Middle Income,,2013,,,21928,465229,112414,40501,2629,100856,214398,13860,284906,26363,118894,7166839,523309,254184,72523,251516,2413,55261,20306,3745534,23185,415641,423814,43241,34853,,529964,1385523,384589,689441,34675,6807
World Bank Upper Middle Income,,2014,,,21220,484174,115852,41015,2469,99742,211566,13419,284308,26151,113998,7289580,530309,240383,72733,249137,2406,53911,20419,3824219,43942,433363,435739,42652,35217,,518842,1376607,387882,697835,33919,6751
World Bank Upper Middle Income,,2015,,,20614,503209,118621,41793,2296,97185,209860,13058,290627,25086,109822,7375535,536854,232225,71923,244403,1308,52782,18966,3890744,34711,449232,447187,41467,35815,,503195,1370619,388476,702441,33117,6733
World Bank Upper Middle Income,,2016,,,20123,529898,122871,43157,2321,95913,210260,12604,299977,24572,107487,7526465,549095,220992,71619,243349,2728,52151,18631,3985641,38914,468736,462312,40782,36885,,493729,1388546,391931,711612,32518,6776
World Bank Upper Middle Income,,2017,,,19379,556742,126187,43975,2543,93070,211988,11977,294151,24554,102822,7614992,549202,201084,71099,241681,3645,51712,17611,4068178,30179,483660,473250,39602,37516,,485656,1396567,393924,716047,31944,6628
World Bank Upper Middle Income,,2018,,,18651,581026,129622,44456,2448,91537,210843,11597,275185,25763,99505,7744544,550718,185032,72670,242255,554,51005,17353,4172284,7408,493755,483778,38967,37989,,483265,1415816,397148,720513,32269,6387
World Bank Upper Middle Income,,2019,,,18104,604357,134442,45195,3044,89851,208626,11289,262649,26734,97819,7943909,558829,173125,73977,240832,710,50882,17332,4305756,3312,509620,498749,38481,38650,,479621,1455296,404142,732989,32500,6276