YearMon,GMSL,GMSL_notrend,NINO34,TSI_smooth
1993.041095890411,-4.37,-0.015566500259633465,0.14,0.20691268536029384
1993.124424915999,-4.292856115736733,0.03718756512684962,0.41,0.17800137764994542
1993.207753941587,-4.047767451377811,0.25788641060898687,0.39,0.15019123787746388
1993.291082967175,-4.075812388408288,0.20545165470172577,0.59,0.12311460042396401
1993.374411992763,-4.127160415786735,0.12971380844649438,0.78,0.09679945434299278
1993.457741018351,-3.9674614652470153,0.2650229401094295,0.35,0.0712738757042806
1993.541070043939,-3.7353606641776844,0.4727339223018623,0.23,0.046565933329948135
1993.624399069527,-3.4683815788282377,0.7153231887745246,0.13,0.022703623518120643
1993.707728095115,-3.241173420693074,0.9181415280329039,0.35,-0.0002849486455678248
1993.791057120703,-3.166949284316682,0.9679758455325116,0.06,-0.022371801373065835
1993.874386146291,-3.310492742827204,0.800042568145205,0,-0.04352884408214393
1993.957715171879,-3.346594398791942,0.7395510933036826,0.16,-0.06333248611190356
1994.041044197467,-3.5807376048012465,0.481018068417594,0.1,-0.08233487285702663
1994.124373223055,-3.7392897173341617,0.29807613700789437,0.06,-0.10078021169601284
1994.207702248643,-3.599044487252714,0.41393154821255784,0.11,-0.11838811580739252
1994.291031274231,-3.6459551076295584,0.3426311089588152,0.26,-0.13516373294378678
1994.374360299819,-3.8283308176010222,0.13586558011056704,0.31,-0.15111221811270215
1994.457689325407,-3.815958936743752,0.12384764209105281,0.32,-0.16623872450830263
1994.541018350995,-3.5378064809208274,0.37761027903719313,0.24,-0.18054839625493307
1994.624347376583,-3.0831216351946598,0.8079053058865764,0.53,-0.19404639198852788
1994.707676402171,-2.7981925896872575,1.0684445325171943,0.48,-0.20673785583282547
1994.791005427759,-2.72,1.1222473033276672,0.75,-0.21862794461011475
1994.874334453347,-2.889965094942088,0.9278923895087949,1.11,-0.22972181332926633
1994.957663478935,-2.917233689954277,0.8762339756197082,1.25,-0.24031014618230984
1995.040992504523,-2.971170726826327,0.7979071198708736,1.02,-0.24951020169344615
1995.124321530111,-3.1586540714699365,0.5860339563504797,0.73,-0.25789831677069425
1995.207650555699,-3.171595172016848,0.548703036926784,0.46,-0.2653246532511472
1995.290979581287,-3.246313894260634,0.44959449580621325,0.28,-0.2718318987215125
1995.3743086068753,-3.3195049745088245,0.35201359668112486,-0.11,-0.277462708369669
1995.4576376324633,-3.311278398509047,0.3358503538041182,-0.14,-0.28225970392731153
1995.5409666580513,-3.2667982416937726,0.355940691742608,-0.21,-0.2862655841363488
1995.6242956836393,-2.801619326279613,0.7967297882799831,-0.63,-0.2895229785116653
1995.7076247092273,-2.3377609710165563,1.2361983246662556,-0.84,-0.2920745601253473
1995.7909537348153,-2.3212145137864564,1.2283549630195711,-0.88,-0.2939630020519065
1995.8742827604033,-2.5451818602712626,0.9799977976579806,-1.1,-0.2952309338025895
1995.9576117859913,-2.745752885198388,0.7550369538539572,-0.95,-0.2961136141093448
1996.0409408115793,-2.9811069206687315,0.4952930995068292,-0.86,-0.2959440603397336
1996.1242698371673,-2.9921731465001065,0.4598370547986699,-0.86,-0.2944897894189913
1996.2075988627553,-3.073600657774331,0.35401972464766107,-0.61,-0.29191633226551555
1996.2909278883433,-3.4171209194928207,-0.01389035594761312,-0.47,-0.28832786739812555
1996.3742569139313,-3.52356790644372,-0.14472716177529676,-0.38,-0.28382854428942195
1996.4575859395193,-3.386156933000313,-0.031706007208674336,-0.44,-0.2785224833597238
1996.5409149651073,-3.0829519355599553,0.24710917135489918,-0.44,-0.2725138631314881
1996.6242439906953,-2.918531680169148,0.3871396078688085,-0.22,-0.26590680402260886
1996.7075730162833,-2.6512907444353746,0.6299907247257974,-0.45,-0.25880548455796815
1996.7909020418713,-2.261978382000076,0.9949132682843116,-0.44,-0.25131405421016656
1996.8742310674593,-2.459737639991927,0.7727641914156762,-0.41,-0.24347521230811253
1996.9575600930473,-2.9828149991547566,0.22529701337606234,-0.64,-0.23458020412550054
1997.0408891186353,-3.1942376936741783,-0.010515500020143786,-0.53,-0.2232710128569477
1997.1242181442233,-3.1950884734334974,-0.03575609865624729,-0.37,-0.2100600257643491
1997.2075471698113,-3.1444146470546785,-0.00947209115421277,-0.25,-0.19525884553352577
1997.2908761953993,-3.1562593666344863,-0.04570662961080485,0.16,-0.17917849360095142
1997.3742052209873,-3.1230669877835253,-0.036904069636741976,0.64,-0.16213034013233657
1997.4575342465753,-3.0015367668490125,0.06023633242098647,1.09,-0.14442598782805333
1997.5408632721633,-2.537509256198464,0.4998740241947508,1.56,-0.12637680688291447
1997.6241922977513,-2.036725037171832,0.9762684243445983,1.89,-0.1082939349376696
1997.7075213233393,-1.63371669241225,1.354886950227396,2.13,-0.09048920728555719
1997.7908503489273,-1.5818140666876368,1.3823997570752247,2.36,-0.07327329643009797
1997.8741793745153,-1.8726878703894017,1.0671361344966754,2.41,-0.05675682416767813
1997.9575084001033,-2.2299000223147107,0.685534163694582,2.29,-0.03907817952111953
1998.0408374256915,-2.3639418958067977,0.527102471325597,2.38,-0.018002751782577677
1998.1241664512795,-2.54199065196129,0.32466389629432024,2.03,0.005755797203728784
1998.2074954768675,-2.637343083054786,0.20492164632403975,1.34,0.03149456939653277
1998.2908245024555,-2.6930359667844295,0.12483894371761206,0.78,0.05851015288728705
1998.3741535280435,-2.980229814305162,-0.18674472268001852,0.57,0.08609983365275191
1998.4574825536315,-3.157228073869523,-0.3881328011211638,-0.39,0.1135599671430099
1998.5408115792195,-2.971798028669263,-0.2270925747976884,-0.99,0.14018807203439618
1998.6241406048075,-2.706634232766244,0.013681402228546524,-1.28,0.1652798057558749
1998.7074696303955,-2.5722853455070847,0.12364047061092132,-1.26,0.18813268698378122
1998.7907986559835,-2.586776600149859,0.08475939709136249,-1.46,0.20805396884315996
1998.8741276815715,-2.774373882584565,-0.12722770422012797,-1.46,0.22813374160044939
1998.9574567071595,-2.8792078780380748,-0.2564515185504219,-1.69,0.25141577703860174
1999.0407857327475,-2.961229919105579,-0.3628633784948243,-1.69,0.27722279829810725
1999.1241147583355,-3.064334474468816,-0.4903577527348455,-1.32,0.30485221329709594
1999.2074437839235,-3.2152728969191053,-0.6656859940619193,-0.95,0.333600964515745
1999.2907728095115,-3.3170189452186802,-0.7918218612382786,-1.11,0.3627666926396646
1999.3741018350995,-3.4931052915775473,-0.9922980264739301,-1.15,0.3916463401587328
1999.4574308606875,-3.3997666707767706,-0.9233492245499377,-1.19,0.41953731505898495
1999.5407598862755,-3.11656458981584,-0.6645369624657915,-1.17,0.44573586147935423
1999.6240889118635,-2.6928448111020975,-0.26520700262883334,-1.22,0.46954031848549804
1999.7074179374515,-2.1787914583224968,0.22445653127398302,-1.09,0.49024739576101095
1999.7907469630395,-2.0129492476179722,0.3659089231016095,-1.23,0.50712796789594
1999.8740759886275,-2.1685930775639073,0.18587527427889006,-1.58,0.5228813290555508
1999.9574050142155,-2.2334668492404406,0.09661168372557238,-1.74,0.5402224822830853
2000.0407340398035,-2.3641488849896266,-0.05846017090039801,-1.77,0.5586263398054881
2000.1240630653915,-2.565065132784983,-0.28376623757253894,-1.55,0.5775609019389788
2000.2073920909795,-2.670158450073228,-0.413249373737568,-0.98,0.5964951003801232
2000.2907211165675,-2.8664849153036225,-0.633965657844747,-0.87,0.6148960040259919
2000.3740501421555,-2.968431529971035,-0.7603020913889438,-0.86,0.6322327774473395
2000.4573791677435,-2.9106936841230695,-0.7269540644178765,-0.79,0.6479731880667955
2000.5407081933315,-2.68990310301558,-0.5305533021871716,-0.67,0.6615859348037443
2000.6240372189195,-2.2923673838064706,-0.15740740185484636,-0.49,0.6725385521387213
2000.7073662445075,-1.8164004458435414,0.2941697172312985,-0.52,0.6802933576982468
2000.7906952700957,-1.4746418610306504,0.6115384831672914,-0.7,0.6858601914737207
2000.8740242956837,-1.6950434302202808,0.36674709510087666,-0.79,0.6902210687927908
2000.9573533212717,-1.9949898753041522,0.04241083114022093,-0.92,0.6935362418309295
2001.0406823468597,-2.1203619919896917,-0.10735110442210294,-0.73,0.6958377600263748
2001.1240113724477,-2.218264511686593,-0.22964344299578876,-0.63,0.6971577310528878
2001.2073403980357,-2.15,-0.18576875018597994,-0.48,0.6975282334676807
2001.2906694236237,-2.2084486838308117,-0.2686072528935761,-0.49,0.6969813312666595
2001.3739984492117,-2.2997141834602823,-0.3842625713998311,-0.34,0.6955491030052176
2001.4573274747997,-2.1365623767956534,-0.24550058361210025,-0.19,0.6932636418012665
2001.5406565003877,-1.7269297297816206,0.13974224452514816,-0.04,0.6901570116488939
2001.6239855259757,-1.482310126000042,0.35997202942994244,-0.05,0.686261305667224
2001.7073145515637,-1.0791302459065786,0.7387620906466215,-0.2,0.6814803255256265
2001.7906435771517,-1.0846205950846246,0.7088819225917911,-0.14,0.6751015346450293
2001.8739726027397,-1.258962462142886,0.5101502366567452,-0.37,0.665862603796035
2001.9573016283277,-1.5550196562963459,0.18970322362650105,-0.41,0.6543101447139004
2002.0406306539157,-1.6970304651944987,0.0233025958515638,-0.15,0.6408516785685093
2002.1239596795037,-1.7563504673134305,-0.060407225144266,-0.04,0.6258953091663039
2002.2072887050917,-1.8921468860159223,-0.2205934627235422,0.01,0.6098487907211204
2002.2906177306797,-2.053094379753828,-0.4059307753382324,0.02,0.5931201105247004
2002.3739467562677,-2.126744280547548,-0.5039704950087365,0.31,0.5761170227811793
2002.4572757818557,-2.1038168565768784,-0.5054328899148515,0.72,0.5592475147919994
2002.5406048074437,-1.7839228063706924,-0.20992865858544985,0.74,0.5429193407515954
2002.6239338330317,-1.3868524389849044,0.16275188992355383,0.87,0.5275403714030555
2002.7072628586197,-1.1725277882876002,0.3526867217440737,1.09,0.513379884447204
2002.7905918842077,-0.9765171831945515,0.524307507960338,1.25,0.498163753073936
2002.8739209097957,-1.1113965351339528,0.36503833714403866,1.47,0.4795786887708345
2002.9572499353837,-1.4878011626068515,-0.035756109205644426,1.37,0.45816816863288373
2003.0405789609717,-1.5711861132082305,-0.14353087868380787,0.6,0.43455207520471484
2003.1239079865597,-1.5277471641900964,-0.12448174854245808,0.64,0.40935215639145867
2003.2072370121477,-1.650220873259003,-0.271345276488149,0.36,0.38318946060260983
2003.2905660377357,-1.7489222515933296,-0.39443647369926005,-0.14,0.356684803033947
2003.3738950633237,-1.889374287702041,-0.5592783286847558,-0.61,0.33045993173611266
2003.457224088912,-1.8786036712302143,-0.5728975310898272,-0.29,0.3051346589903207
2003.5405531145,-1.6597482034526778,-0.3784318821890751,0.21,0.28133087287252034
2003.623882140088,-1.3297630048057671,-0.07283650241894879,0.26,0.2596700182928359
2003.707211165676,-0.9584658555696166,0.27407082794041737,0.27,0.24085020957136294
2003.790540191264,-0.8798274281322029,0.32831943650104667,0.42,0.2220236209523677
2003.873869216852,-1.1240085897137386,0.05974845604261292,0.33,0.20058453234676074
2003.95719824244,-1.2711750874033818,-0.11180786052381464,0.43,0.17711723550466468
2004.040527268028,-1.2875598228671645,-0.15258241486438173,0.27,0.15221469705317023
2004.123856293616,-1.4732387671932596,-0.3626511780672612,0.23,0.12647035020201244
2004.207185319204,-1.5434055511604734,-0.45720778091125935,0.12,0.10047739487930503
2004.290514344792,-1.6674701399408924,-0.6056621885684628,0.07,0.07482879768303641
2004.37384337038,-1.9646057330207771,-0.9271876005251318,0.06,0.05011799185204396
2004.457172395968,-1.816168925297566,-0.803140611678705,0.13,0.026938177314441387
2004.540501421556,-1.409191777234744,-0.4205532824927811,0.49,0.0058823206391147844
2004.623830447144,-1.0492712756473666,-0.08502259978218807,0.76,-0.01244732846680563
2004.707159472732,-0.6963783471668219,0.2434805098215722,0.81,-0.02931989613370246
2004.79048849832,-0.68613247756074,0.2293365605508697,0.73,-0.04650818795128024
2004.873817523908,-0.8368120269630389,0.054267192271786446,0.66,-0.0638267006098564
2004.957146549496,-0.9613588132938222,-0.09466941293578124,0.74,-0.08116013411710288
2005.040475575084,-1.11,-0.2677004185187435,0.66,-0.09839318846129005
2005.123804600672,-1.025148051970778,-0.20723828936630584,0.36,-0.11541085539520306
2005.20713362626,-1.0414566484945256,-0.2479367047669514,0.45,-0.13209783490468707
2005.290462651848,-1.1759299505616716,-0.4067998257108818,0.26,-0.14833894367945302
2005.373791677436,-1.1827220220599381,-0.4379817160859327,0.3,-0.16401911513732953
2005.457120703024,-1.1170620963439553,-0.3967116092467342,0.04,-0.1790231076160946
2005.540449728612,-0.9750934623117444,-0.27913279409130776,-0.23,-0.19323562107491637
2005.6237787542,-0.7133970617684248,-0.04182621242477247,-0.05,-0.20661221054615453
2005.707107779788,-0.4056598474137063,0.24152118305316161,-0.04,-0.2189798581124133
2005.790436805376,-0.31299204690571086,0.3097991646843727,-0.06,-0.23031234213221216
2005.873765830964,-0.32536393356690724,0.27303745914639194,-0.59,-0.24080792479888874
2005.957094856552,-0.5719124018375702,0.0020991719988309177,-0.92,-0.2505902345283927
2006.04042388214,-0.9193258866009587,-0.36970413164134197,-0.91,-0.2597825494553128
2006.1237529077282,-1.0691098476770924,-0.54387791159426,-0.67,-0.26850853055746016
2006.2070819333162,-1.1822637119548884,-0.6814215947489541,-0.71,-0.2768916243539379
2006.2904109589042,-1.2989487396826678,-0.8224964413535178,-0.32,-0.2850554334574256
2006.3737399844922,-1.167925387821066,-0.7158629083687005,-0.09,-0.29312335274275597
2006.4570690100802,-0.9408083337107593,-0.5131356731351782,0,-0.30121901064770534
2006.5403980356682,-0.6984917729228131,-0.29520893122401626,0.01,-0.3093911648757057
2006.6237270612562,-0.4450405893119914,-0.06614756648997899,0.31,-0.3178404875273846
2006.7070560868442,-0.0846378948855854,0.2698653090596427,0.6,-0.3262980918152082
2006.7903851124322,0.0,0.3301133850684437,0.7,-0.33471177818681686
2006.8737141380202,-0.18979600286815637,0.11592756332350293,0.99,-0.3429941260133539
2006.9570431636082,-0.48797742489647483,-0.2066436775817136,1.14,-0.3510578022666174
2007.0403721891962,-0.7469246534527891,-0.48998072501481227,0.7,-0.3588154739184058
2007.1237012147842,-0.7944208092584624,-0.5618666996972699,0.13,-0.36617980794051724
2007.2070302403722,-0.8069265950396702,-0.5987623043552621,-0.18,-0.37306347130475015
2007.2903592659602,-0.8674117639256477,-0.6836372921180239,-0.32,-0.37937913098290266
2007.3736882915482,-1.0092436287381552,-0.8498589758073158,-0.47,-0.38503948315790487
2007.4570173171362,-0.9890301721738769,-0.8540353381198219,-0.35,-0.38995713638050417
2007.5403463427242,-0.8818878054001011,-0.7712827902228305,-0.59,-0.39400984067469835
2007.6236753683122,-0.6253394145266227,-0.5391242182262501,-0.72,-0.398002860486128
2007.7070043939002,-0.40245389188616476,-0.3406285144625766,-1.11,-0.4023766327219469
2007.7903334194882,-0.24045930263399257,-0.20302374408718876,-1.39,-0.4069898548537163
2007.8736624450762,-0.22156273843350094,-0.2085169987634815,-1.54,-0.4116401109205056
2007.9569914706642,-0.5088625924446921,-0.5202066716514571,-1.58,-0.4161249849613841
2008.0403204962522,-0.7709692842937985,-0.8067031823773478,-1.68,-0.4202420610154212
2008.1236495218402,-0.9100024395396831,-0.9701261565000168,-1.67,-0.423788864677596
2008.2069785474282,-0.9835165712596265,-1.0680301070967446,-1.21,-0.42656303842621773
2008.2903075730162,-1.055032166703212,-1.1639355214171145,-0.99,-0.4283621663003557
2008.3736365986042,-0.8507134271182071,-0.9840066007090076,-0.84,-0.42898377388771336
2008.4569656241922,-0.546775914751827,-0.7044589072194118,-0.68,-0.428164460521657
2008.5402946497802,-0.3910507718511876,-0.5731235831955568,-0.3,-0.4260852884582119
2008.6236236753682,-0.19616649653852572,-0.4026291267596793,-0.13,-0.42347944368958323
2008.7069527009562,0.007832646440591678,-0.22301980265734633,-0.25,-0.4202026090177433
2008.7902817265444,0.11793676120460743,-0.13730550677022862,-0.35,-0.41630031759255076
2008.8736107521324,0.033071566220722756,-0.24656052063089767,-0.46,-0.4118182271120447
2008.9569397777204,-0.21579203351672305,-0.5198139392451279,-0.86,-0.40680194380291773
2009.0402688033084,-0.41718589900377123,-0.7455976236089604,-0.89,-0.4012971056693322
2009.1235978288964,-0.45005975933416964,-0.8028613028161432,-0.79,-0.39534924839221386
2009.2069268544844,-0.3843558659778782,-0.7615472283366361,-0.69,-0.3890040245915981
2009.2902558800724,-0.46527166057703845,-0.8668528418126944,-0.35,-0.38230704303626356
2009.3735849056604,-0.5569917932932171,-0.9829627934056575,0.06,-0.3753039124949889
2009.4569139312484,-0.4916723759553376,-0.9420331949445624,0.31,-0.3682304038957227
2009.5402429568364,-0.17324766409845535,-0.6479983019644645,0.48,-0.3597893693591215
2009.6235719824244,0.2861885275498477,-0.2129519291929458,0.56,-0.3492460640292968
2009.7069010080124,0.6665582301912966,0.14302795457171869,0.68,-0.337010242616342
2009.7902300336004,0.8807222510494791,0.33280215655311685,0.89,-0.323423474798754
2009.8735590591884,0.7775827467198524,0.20527283334670576,1.46,-0.30882756423510677
2009.9568880847764,0.42291215204150884,-0.17378758020842217,1.74,-0.2935638466432215
2010.0402171103644,0.15808784811075358,-0.46300170301607546,1.52,-0.27797412570107377
2010.1235461359524,0.16916933220104138,-0.4763100378025721,1.25,-0.26240008812085247
2010.2068751615404,0.10015928280819374,-0.5697099060722041,0.9,-0.24718295259638748
2010.2902041871284,-0.07880820667629186,-0.773067214433474,0.38,-0.2326642888061756
2010.3735332127164,-0.009533506479258757,-0.7281823331132253,-0.22,-0.21918590046699551
2010.4568622383044,0.14725528782786412,-0.5957833576828868,-0.69,-0.20702053221612005
2010.5401912638924,0.17357446023026066,-0.5938540041572746,-1.07,-0.19463885430268554
2010.6235202894804,0.17,-0.6218182832643196,-1.39,-0.18027139416871335
2010.7068493150684,0.2333194483031339,-0.5828886538380839,-1.6,-0.16431879624856705
2010.7901783406564,0.31,-0.5305979210180021,-1.69,-0.14716235261564597
2010.8735073662444,0.09966795675116531,-0.7653197831436211,-1.64,-0.12918230198676633
2010.9568363918324,-0.16856318295918898,-1.0579407417307598,-1.6,-0.11076005351267305
2011.0401654174204,-0.3218749474294677,-1.235642325077823,-1.54,-0.09227619703551056
2011.1234944430084,-0.40456959877568105,-1.3427267953008206,-1.11,-0.07411120529582578
2011.2068234685964,-0.5927148936815934,-1.5552619090835174,-0.93,-0.056646487517119426
2011.2901524941844,-0.73,-1.7169368342787084,-0.77,-0.04026263351243363
2011.3734815197724,-0.5983592734579346,-1.6096859266134274,-0.52,-0.025340115978661808
2011.4568105453607,-0.2516228176372178,-1.2873392896696085,-0.38,-0.012240146155818366
2011.5401395709487,0.02962905117986996,-1.0304772397293052,-0.43,0.0004832101885969514
2011.6234685965367,0.4625952851038366,-0.6219008246821229,-0.65,0.0145382003676168
2011.7067976221247,0.7292969559829352,-0.3795889726799224,-0.8,0.029549975050258942
2011.7901266477127,0.7838673424188844,-0.34940840512075755,-1.05,0.045197719478406895
2011.8734556733007,0.5867576971936981,-0.5709078692227283,-1.19,0.06116085310684001
2011.9567846988887,0.5321192259400465,-0.6499361593531643,-1.06,0.07711809276135094
2012.0401137244767,0.5857851666284547,-0.6206600375415404,-0.87,0.09274885788701824
2012.1234427500647,0.6012936029939073,-0.6295414200528722,-0.67,0.10773245084672452
2012.2067717756527,0.46966693970245427,-0.7855579022211097,-0.61,0.12174782264520553
2012.2901008012407,0.42086881782098196,-0.8587458429793663,-0.5,0.1344745099018932
2012.3734298268287,0.4697596932571082,-0.8342447864200244,-0.32,0.14564521721331403
2012.4567588524167,0.7586129591759696,-0.5697813393780611,0.02,0.15637160140044615
2012.5400878780047,1.1577109611898897,-0.19507315624092536,0.25,0.16822848441377602
2012.6234169035927,1.4312030225680623,0.05402908626046288,0.47,0.18082084809003102
2012.7067459291807,1.7612399309712363,0.3596761757868525,0.38,0.19384810955425394
2012.7900749547687,1.9045840267353227,0.4786304526741545,0.26,0.20701120887310498
2012.8734039803567,1.7953034396033432,0.3449600466653906,0.16,0.220009914583128
2012.9567330059447,1.648408373073909,0.17367516125917204,-0.25,0.2325445809907754
2013.0400620315327,1.4794028837036968,-0.01972014698782454,-0.53,0.24431567959625455
2013.1233910571207,1.395030121710279,-0.1284827278581404,-0.52,0.25502297886335346
2013.2067200827087,1.2850153082737683,-0.26288736017143544,-0.25,0.26436730183474105
2013.2900491082967,1.0229614316902267,-0.5493310556317614,-0.25,0.2720484169499534
2013.3733781338847,0.8089662071509414,-0.7877160990478311,-0.4,0.2778628350934014
2013.4567071594727,0.8050930565276153,-0.8159790685479416,-0.42,0.28292831633419613
2013.5400361850607,1.013538055100232,-0.6319238888521093,-0.39,0.2881091054790111
2013.6233652106487,1.2736627057669354,-0.3961890570621902,-0.38,0.2933882869106667
2013.7066942362367,1.587359245428372,-0.10688233627753796,-0.18,0.2985499229217552
2013.7900232618247,1.77485571939149,0.05622431880868195,-0.2,0.30337807581456955
2013.8733522874127,1.7392855258627518,-0.0037356935968406724,-0.14,0.30765674928967485
2013.9566813130007,1.4595072870479189,-0.3079037512884579,-0.17,0.31116994704763634
2014.0400103385887,1.4014707833685272,-0.39033007384463403,-0.49,0.3137015555564612
2014.123339364177,1.4892277451706915,-0.3269629309193678,-0.62,0.31503569701723666
2014.206668389765,1.44750042752363,-0.39308006744321355,-0.28,0.3149563139588661
2014.289997415353,1.1446740157247028,-0.7202962981189251,0.08,0.3130480310355779
2014.373326440941,0.9884309213505609,-0.9009292113698515,0.32,0.30974526890521104
2014.456655466529,1.201045669325047,-0.7127042822721497,0.23,0.3049498961506577
2014.539984492117,1.5871215480817,-0.3510182223922811,-0.06,0.29889440427316416
2014.623313517705,1.9845222620368368,0.021992672686071302,-0.03,0.2917474718106202
2014.706642543293,2.1833787196785446,0.1964593114509947,0.29,0.28367783591719453
2014.789971568881,2.244600343575618,0.23329111647116996,0.44,0.27485446828977805
2014.873300594469,2.0801044033441434,0.04440535736291107,0.75,0.2654461647327713
2014.956629620057,2.0105573657621263,-0.049531499095890386,0.71,0.2556216037646623
2015.039958645645,1.9752862337404897,-0.10919244999431132,0.51,0.2455496398206818
2015.123287671233,2.1624770332257706,0.053608530614185135,0.42,0.23539889275453502
2015.206616696821,2.169661564587397,0.036403243099027094,0.47,0.22533851024291035
2015.289945722409,2.0983139673802844,-0.05933417298486976,0.7,0.2154733327042777
2015.373274747997,2.069550630932354,-0.11248732830958463,0.92,0.2044993235216914
2015.456603773585,2.3806724693326995,0.17424469121397657,1.18,0.19088542968242275
2015.539932799173,2.8001035074800598,0.5692859104844388,1.46,0.17520844207682998
2015.623261824761,3.219539699128363,0.9643322832559575,1.93,0.15796153500731067
2015.706590850349,3.5636975641579847,1.284100329408795,2.21,0.1396388214127885
2015.789919875937,3.6798862092089184,1.3758991555829443,2.36,0.12073230236790916
2015.873248901525,3.4732817425097444,1.144904870006986,2.72,0.10173585618156708
2015.956577927113,3.098895183679777,0.746128492300234,2.66,0.08314265721436463
2016.039906952701,3.0058433700363576,0.6286868597800304,2.57,0.06544517573310037
2016.123235978289,3.06,0.6584536708668884,2.26,0.04913729013397574
2016.206565003877,2.965753718020734,0.5398175700107242,1.62,0.03462788194883615
2016.289894029465,2.649341372515881,0.19901540562908693,0.91,0.019616679236915294
2016.373223055053,2.390041299975728,-0.08467448578785053,0.3,0.001641105815563249
2016.456552080641,2.4844228864040767,-0.014682718236286085,-0.03,-0.01871718454283882
2016.539881106229,2.5929906291369993,0.06949520561985212,-0.48,-0.04086690135075937
2016.623210131817,2.762531122902925,0.21464588050899325,-0.58,-0.06421816259929762
2016.706539157405,3.038065460073015,0.4657903988022989,-0.58,-0.0881796777427174
2016.7898681829931,3.1450748309361836,0.5484099507885696,-0.74,-0.11216164230696102
2016.8731972085811,3.2004734945440774,0.579418795519679,-0.76,-0.1355723759560685
2016.9565262341691,2.906014587934267,0.2605700700330842,-0.5,-0.15782230903352698
2017.0398552597571,2.5639874996161947,-0.10584683716177246,-0.43,-0.17832015087719094
2017.1231842853451,2.4516760970864713,-0.2425480585682802,-0.08,-0.19647601965277356
2017.2065133109331,2.5247000485390956,-0.19391392599255397,0.03,-0.21169011581514496
2017.2898423365211,2.4918574618541847,-0.25114633155424926,0.22,-0.22642283737147367
2017.3731713621091,2.308907098197245,-0.45848651408797325,0.37,-0.24353052125182065
2017.4565003876971,2.3662284937726064,-0.4255549373893963,0.34,-0.26235331580379534
2017.5398294132851,2.675681439769069,-0.1404918102697179,0.25,-0.2823594043822997
2017.6231584388731,3.114347973698832,0.2737849047832608,-0.16,-0.3030167354987893
2017.7064874644611,3.3655723543562988,0.500619466563943,-0.43,-0.32379302277277
2017.7898164900491,3.3970667341710894,0.5077240275019492,-0.56,-0.3441564495882458
2017.8731455156371,3.45,0.536267474453962,-0.97,-0.3635747295453209
2017.9564745412251,3.247441672135971,0.3093193277131485,-0.98,-0.3815160460474011
2018.0398035668131,2.9654695572114496,0.0029573939118425763,-0.98,-0.39744811267518876
2018.1231325924011,2.830951789146546,-0.15595019302984525,-0.78,-0.4108386429705835
2018.2064616179891,2.7182557343898885,-0.2930360666632872,-0.8,-0.42128432891331613
2018.2897906435771,2.597780576030915,-0.43790104389904494,-0.51,-0.43003044463319784
2018.3731196691651,2.6053511770211206,-0.45472026178562386,-0.2,-0.43885994485378527
2018.4564486947531,2.7147458933703508,-0.3697153643131781,0.04,-0.44762011701928484
2018.5397777203411,2.997576619337941,-0.11127445722237228,0.12,-0.4561309767706973
2018.6231067459291,3.387078878395175,0.2538379829579638,0.09,-0.4642130684669027
2018.7064357715171,3.843748530591774,0.6861178162777781,0.47,-0.47168634900408746
2018.7897647971051,4.0096938841897085,0.8276733509989285,0.9,-0.4783709515031799
2018.8730938226931,3.7700795581544977,0.5636692060869333,0.9,-0.4840873028601088
2018.9564228482811,3.4874964141185236,0.25669624317417483,0.89,-0.4886554774534135
2019.0397518738691,3.4715230882747665,0.21633309845363335,0.65,-0.4918956084040223
2019.1230808994571,3.5,0.22042019130208246,0.71,-0.49362794635159446
2019.2064099250451,3.4914779779705656,0.18750835039586367,0.81,-0.49364548720768653
2019.2897389506331,3.3916079285628022,0.06324848211120226,0.62,-0.49175344909291585
2019.3730679762211,3.4298696813006124,0.07712041597222807,0.55,-0.4891205316913216
2019.4563970018094,3.533805864929031,0.15666678072386242,0.45,-0.4853985436580038
2019.5397260273974,3.8170427680050927,0.4155138649231396,0.35,-0.4806640124527018
2019.6230550529854,4.2983703139143525,0.8724515919555014,0.04,-0.4749934387852667
2019.7063840785734,4.58,1.1296914591643645,0.03,-0.4684633028908971
2019.7897131041614,4.487043945871457,1.0123455861590367,0.48,-0.46115020256717615
2019.8730421297494,4.39434846725891,0.8952602886697054,0.52,-0.45313052987508906
2019.9563711553374,4.140373253557497,0.6168952560915084,0.52,-0.4444808238273888
2020.0397001809254,3.716393706221335,0.16852588987856176,0.6,-0.4352776234416789
2020.1230292065134,3.5981749666100447,0.02591733139048724,0.37,-0.4260225782345515
2020.2063582321014,3.653183510962165,0.05653605686582308,0.48,-0.4158982768747895
2020.2896872576894,3.564851426480576,-0.05618584649266367,0.36,-0.40453287548124556
2020.3730162832774,3.5600000000000005,-0.08542709185002373,-0.27,-0.39223584159785924
2020.4563453088654,3.5772696466101443,-0.09254726411666425,-0.34,-0.37904798532134704
2020.5396743344534,3.818629119326567,0.12442238972297393,-0.3,-0.36501013144736144
2020.6230033600414,4.136664314356327,0.41806776587594996,-0.59,-0.3501631341754895
2020.7063323856294,4.448181866889227,0.7051954995320653,-0.83,-0.3345478036024478
2020.7896614112174,4.545757115593304,0.7783809293593578,-1.26,-0.3182049498225277
2020.8729904368054,4.351207600747928,0.5594415956371979,-1.42,-0.301175412335168
2020.9563194623934,4.1190877797209176,0.302931955733289,-1.15,-0.28350003064223234
2021.0396484879814,4.066934232517022,0.22638858965260944,-1,-0.26521960013301343
2021.1229775135694,3.864797690132576,-0.0001377716086214953,-1,-0.24610589191433974
2021.2063065391574,3.8228116603952085,-0.06651362022277318,-0.8,-0.22666444072242176
2021.2896355647454,3.893623439319231,-0.020091660175534987,-0.72,-0.2063727725358853
2021.3729645903334,3.835898851260133,-0.10220606711141755,-0.46,-0.1853016359852213
2021.4562936159214,3.8986210997596444,-0.06387363748869035,-0.28,-0.1634561001539866
2021.5396226415094,4.209177037334287,0.222292481209168,-0.39,-0.14084123780259392
2021.6229516670974,4.627934874025475,0.6166604990235713,-0.53,-0.1174621180144485
2021.7062806926854,4.907967143297661,0.8723029494188594,-0.55,-0.09332381355011468
2021.7896097182734,4.988320435420484,0.9282664226648984,-0.94,-0.06843139533165303
2021.8729387438614,4.7812515825329065,0.6968077509005361,-0.94,-0.04278993244224139
2021.9562677694494,4.571162495952088,0.46232884544293285,-1.06,-0.01640449580371297
2022.0395967950374,4.482676365636493,0.3494528962505541,-0.94,0.010785645601572469
2022.1229258206256,4.278847748561861,0.12123446029902407,-0.89,0.038766982411096766
2022.2062548462136,4.110000000000001,-0.07200310713962033,-0.97,0.06739879019613523
2022.2895838718016,4.1066113467552725,-0.0997815792611334,-1.11,0.09679043670648478
2022.3729128973896,3.919180820018459,-0.3116019248747315,-1.11,0.1269419670783894
2022.4562419229776,4.019726524233057,-0.23544603953691734,-0.75,0.15785342644809303
2022.5395709485656,4.411326081948805,0.1317636993020459,-0.69,0.18952485995183968
2022.6228999741536,4.753056638444162,0.44910443692061897,-0.97,0.22195631272587332
2022.7062289997416,5.0848229397743845,0.756480919373943,-1.07,0.2551478299064379
2022.7895580253296,5.104482413314913,0.7517505740376871,-0.99,0.28909945662977743
2022.8728870509176,4.876563695902647,0.4994420377486364,-0.9,0.32381123803213585
2022.9562160765056,4.81,0.408488522969205,-0.85,0.35928321923538314
2023.0395451020936,4.717364164592617,0.2914628686850378,-0.72,0.3954058495874051
2023.1228741276816,4.585195276917413,0.1349041621330498,-0.46,0.43259619756400597
2023.2062031532696,4.470624372824535,-0.004056560836612988,-0.11,0.4702890498449996
2023.2895321788576,4.352548840041815,-0.1465219124961168,0.14,0.5087104827034755
2023.3728612044456,4.50578282984784,-0.01767774156698998,0.46,0.5478672658020045
2023.4561902300336,4.82065449106893,0.2728041007773152,0.84,0.5877661632821894
2023.5395192556216,5.322269234038863,0.7500290248704644,1.02,0.6284139521675133
2023.6228482812096,5.802929903009078,1.2062998749638947,1.35,0.6698173947588769
2023.7061773067976,6.141018067279052,1.5199982203570848,1.6,0.7119832680803697
2023.7895063323856,6.376591817855269,1.7311821520565172,1.72,0.7549183344322863
2023.8728353579736,6.1664050107334,1.4966055260578637,2.02,0.7986293708393222
2023.9561643835616,6.08206052287357,1.3878712193212488,2.03,0.8429032236163039
