AgeYrBP,SeaLevel,TwoSigErr
0,1.705,5.6595
125,1.642,3.104
250,1.018,3.0575
375,-0.066,3.0535
500,-0.838,3.056
625,-0.688,3.056
750,-0.129,3.064
875,-0.096,3.063
1000,-0.521,3.0665
1125,-0.63,3.0695
1250,-0.272,3.065
1375,0.003833,3.055
1500,0.024,3.053
1625,0.361,3.055
1750,1.391,3.0585
1875,2.421,3.0495
2000,2.343,3.0575
2125,1.118,3.0715
2250,-0.117,3.0535
2375,-0.602,3.064
2500,-0.74,3.062
2625,-1.134,3.054
2750,-1.708,3.0535
2875,-2.09,3.055
3000,-2.202,3.0535
3125,-2.07,3.054
3250,-1.616,3.08
3375,-0.994,3.0775
3500,-0.691,3.1035
3625,-1.115,3.097
3750,-2.267,3.0675
3875,-3.741,3.065
4000,-4.95,3.0595
4125,-5.544,3.0535
4250,-5.679,3.058
4375,-5.81,3.0625
4500,-6.334,3.0615
4625,-7.44,3.056
4750,-9.086,3.057
4875,-10.822,3.064
5000,-11.832,3.0685
5125,-11.641,3.0615
5250,-10.69,3.063
5375,-9.777,3.0685
5500,-9.115,3.094
5625,-8.381,3.0895
5750,-7.468,3.077
5875,-6.549,3.079
6000,-5.717,3.083
6125,-5.141,3.0715
6250,-5.125,3.0695
6375,-5.634,3.0665
6500,-6.118,3.0655
6625,-6.053,3.066
6750,-5.609,3.056
6875,-5.602,3.06
7000,-6.806,3.0775
7125,-9.281,3.1085
7250,-12.11,3.1035
7375,-14.079,3.094
7500,-14.856,3.102
7625,-15.098,3.1255
7750,-15.512,3.123
7875,-16.259,3.1005
8000,-17.07,3.1
8125,-17.633,3.101
8250,-18.012,3.1135
8375,-18.508,3.1055
8500,-19.163,3.1085
8625,-19.775,3.132
8750,-20.265,3.13
8875,-20.534,3.118
9000,-20.458,3.097
9125,-20.376,3.095
9250,-20.933,3.098
9375,-22.298,3.1055
9500,-24.028,3.1295
9625,-25.611,3.144
9750,-26.829,3.149
9875,-27.735,3.161
10000,-28.441,3.194
10125,-29.013,3.183
10250,-29.547,3.1775
10375,-30.281,3.1845
10500,-31.476,3.1885
10625,-33.009,3.1785
10750,-34.349,3.176
10875,-35.119,3.195
11000,-35.719,3.2245
11125,-37.424,3.259
11250,-41.617,3.2675
11375,-48.755,3.271
11500,-57.34,3.263
11625,-64.475,3.2585
11750,-68.616,3.241
11875,-70.465,3.2095
12000,-71.302,3.174
12125,-71.946,3.147
12250,-72.715,3.1295
12375,-73.515,3.1155
12500,-74.051,3.1
12625,-74.144,3.088
12750,-73.904,3.08
12875,-73.633,3.075
13000,-73.555,3.071
13125,-73.679,3.068
13250,-73.862,3.065
13375,-73.977,3.065
13500,-74.071,3.0635
13625,-74.297,3.064
13750,-74.699,3.0645
13875,-75.155,3.0645
14000,-75.488,3.0655
14125,-75.663,3.066
14250,-75.842,3.067
14375,-76.154,3.0675
14500,-76.563,3.0675
14625,-76.969,3.068
14750,-77.327,3.0695
14875,-77.671,3.0705
15000,-78.045,3.0715
15125,-78.485,3.0725
15250,-79.03,3.0735
15375,-79.644,3.0735
15500,-80.216,3.0745
15625,-80.722,3.076
15750,-81.174,3.0775
15875,-81.493,3.078
16000,-81.665,3.079
16125,-81.85,3.08
16250,-82.196,3.0825
16375,-82.707,3.085
16500,-83.298,3.0875
16625,-83.843,3.0905
16750,-84.247,3.091
16875,-84.498,3.0925
17000,-84.601,3.0945
17125,-84.59,3.096
17250,-84.601,3.098
17375,-84.777,3.1005
17500,-85.128,3.103
17625,-85.565,3.1065
17750,-86.012,3.11
17875,-86.487,3.114
18000,-87.08,3.1155
18125,-87.838,3.118
18250,-88.734,3.1205
18375,-89.73,3.1215
18500,-90.693,3.1225
18625,-91.415,3.1235
18750,-91.87,3.125
18875,-92.255,3.127
19000,-92.748,3.1295
19125,-93.382,3.1325
19250,-94.107,3.135
19375,-94.853,3.137
19500,-95.546,3.1395
19625,-96.204,3.141
19750,-97.055,3.142
19875,-98.263,3.143
20000,-99.607,3.144
20125,-100.746,3.144
20250,-101.625,3.145
20375,-102.386,3.144
20500,-103.07,3.143
20625,-103.671,3.142
20750,-104.437,3.14
20875,-105.72,3.1385
21000,-107.319,3.1355
21125,-108.484,3.133
21250,-108.855,3.1305
21375,-108.812,3.1275
21500,-108.782,3.1245
21625,-108.758,3.122
21750,-108.631,3.119
21875,-108.479,3.1165
22000,-108.418,3.1145
22125,-108.501,3.1125
22250,-108.743,3.1105
22375,-109.118,3.108
22500,-109.54,3.1055
22625,-109.889,3.1035
22750,-110.058,3.1015
22875,-110.032,3.0995
23000,-109.905,3.098
23125,-109.752,3.0975
23250,-109.589,3.097
23375,-109.439,3.0955
23500,-109.303,3.094
23625,-109.069,3.0925
23750,-108.558,3.0915
23875,-107.754,3.0915
24000,-106.947,3.0925
24125,-106.463,3.093
24250,-106.311,3.093
24375,-106.273,3.0915
24500,-106.176,3.09
24625,-105.959,3.0895
24750,-105.656,3.087
24875,-105.332,3.0855
25000,-105.002,3.0825
25125,-104.656,3.08
25250,-104.291,3.0795
25375,-103.86,3.0775
25500,-103.341,3.0775
25625,-102.851,3.075
25750,-102.527,3.0695
25875,-102.376,3.068
26000,-102.3,3.0645
26125,-102.184,3.064
26250,-101.975,3.064
26375,-101.735,3.062
26500,-101.601,3.065
26625,-101.634,3.0645
26750,-101.764,3.0635
26875,-101.93,3.0625
27000,-102.162,3.061
27125,-102.519,3.0605
27250,-103.029,3.0605
27375,-103.594,3.0595
27500,-104.023,3.059
27625,-104.213,3.0605
27750,-104.209,3.06
27875,-104.118,3.0575
28000,-104.072,3.0575
28125,-104.161,3.057
28250,-104.368,3.0555
28375,-104.621,3.0555
28500,-104.809,3.0535
28625,-104.816,3.0545
28750,-104.655,3.0545
28875,-104.467,3.0575
29000,-104.324,3.0595
29125,-104.148,3.061
29250,-103.823,3.0655
29375,-103.358,3.065
29500,-102.897,3.0695
29625,-102.488,3.0715
29750,-101.891,3.0685
29875,-100.846,3.0735
30000,-99.442,3.082
30125,-98.072,3.086
30250,-97.065,3.0875
30375,-96.461,3.0825
30500,-96.067,3.0785
30625,-95.62,3.0805
30750,-94.812,3.09
30875,-93.425,3.0895
31000,-91.632,3.0985
31125,-89.916,3.1015
31250,-88.61,3.093
31375,-87.74,3.081
31500,-87.168,3.0825
31625,-86.631,3.089
31750,-85.913,3.0815
31875,-85.095,3.074
32000,-84.43,3.073
32125,-84.061,3.0685
32250,-83.986,3.075
32375,-84.215,3.0885
32500,-84.788,3.0825
32625,-85.557,3.083
32750,-86.126,3.082
32875,-86.196,3.0865
33000,-85.786,3.0815
33125,-85.115,3.0675
33250,-84.474,3.0775
33375,-84.073,3.073
33500,-83.944,3.071
33625,-84.048,3.0725
33750,-84.411,3.0695
33875,-85.078,3.0715
34000,-86.027,3.064
34125,-87.153,3.0675
34250,-88.243,3.063
34375,-88.996,3.063
34500,-89.179,3.068
34625,-88.764,3.0695
34750,-87.883,3.0755
34875,-86.658,3.096
35000,-85.191,3.096
35125,-83.621,3.091
35250,-81.985,3.083
35375,-80.302,3.073
35500,-78.756,3.067
35625,-77.505,3.064
35750,-76.552,3.0645
35875,-75.859,3.06
36000,-75.364,3.0585
36125,-74.914,3.0625
36250,-74.373,3.067
36375,-73.784,3.07
36500,-73.333,3.0735
36625,-73.033,3.083
36750,-72.665,3.08
36875,-72.239,3.0825
37000,-72.191,3.088
37125,-73.003,3.093
37250,-74.798,3.105
37375,-77.193,3.1085
37500,-79.662,3.1055
37625,-81.968,3.1
37750,-83.953,3.0975
37875,-85.368,3.084
38000,-86.234,3.0785
38125,-86.751,3.0765
38250,-86.877,3.0725
38375,-86.485,3.0745
38500,-85.677,3.07
38625,-84.751,3.07
38750,-84.096,3.0675
38875,-83.984,3.0645
39000,-84.261,3.0625
39125,-84.459,3.0625
39250,-84.365,3.057
39375,-84.19,3.0565
39500,-84.143,3.057
39625,-84.148,3.055
39750,-84.002,3.0585
39875,-83.617,3.059
40000,-83.108,3.0615
40125,-82.662,3.0675
40250,-82.339,3.065
40375,-82.157,3.0745
40500,-82.127,3.073
40625,-82.117,3.08
40750,-81.917,3.0815
40875,-81.464,3.0875
41000,-80.951,3.0895
41125,-80.671,3.0915
41250,-80.783,3.0845
41375,-81.265,3.0885
41500,-81.953,3.089
41625,-82.666,3.0805
41750,-83.274,3.0805
41875,-83.645,3.089
42000,-83.8,3.08
42125,-83.89,3.0785
42250,-83.903,3.0795
42375,-83.725,3.083
42500,-83.385,3.0845
42625,-82.959,3.0855
42750,-82.446,3.087
42875,-81.872,3.092
43000,-81.365,3.0825
43125,-81.064,3.081
43250,-80.998,3.0815
43375,-81.077,3.083
43500,-81.139,3.0825
43625,-81.022,3.078
43750,-80.661,3.0765
43875,-80.127,3.0735
44000,-79.54,3.076
44125,-79.007,3.0745
44250,-78.65,3.077
44375,-78.55,3.0785
44500,-78.642,3.0685
44625,-78.73,3.07
44750,-78.632,3.0675
44875,-78.335,3.0635
45000,-77.915,3.0625
45125,-77.459,3.0675
45250,-77.08,3.068
45375,-76.802,3.077
45500,-76.499,3.0725
45625,-76.143,3.075
45750,-76.048,3.0865
45875,-76.581,3.09
46000,-77.612,3.081
46125,-78.572,3.0875
46250,-79.076,3.092
46375,-79.353,3.094
46500,-80.018,3.1
46625,-81.313,3.0995
46750,-82.712,3.098
46875,-83.55,3.0935
47000,-83.841,3.1055
47125,-84.075,3.0945
47250,-84.481,3.0945
47375,-84.867,3.0985
47500,-85.09,3.0885
47625,-85.328,3.0885
47750,-85.76,3.1005
47875,-86.177,3.0935
48000,-86.19,3.087
48125,-85.71,3.097
48250,-84.962,3.0955
48375,-84.12,3.096
48500,-83.21,3.1005
48625,-82.35,3.098
48750,-81.7,3.0985
48875,-81.243,3.0955
49000,-80.932,3.0955
49125,-80.793,3.091
49250,-80.697,3.0955
49375,-80.366,3.085
49500,-79.677,3.094
49625,-78.747,3.0835
49750,-77.792,3.0825
49875,-77.058,3.0895
50000,-76.707,3.0855
50125,-76.671,3.0835
50250,-76.667,3.088
50375,-76.407,3.0975
50500,-75.855,3.094
50625,-75.184,3.0945
50750,-74.523,3.092
50875,-73.912,3.0885
51000,-73.423,3.108
51125,-73.079,3.105
51250,-72.729,3.1105
51375,-72.251,3.118
51500,-71.754,3.1175
51625,-71.351,3.1245
51750,-70.883,3.1195
51875,-70.249,3.138
52000,-69.768,3.1295
52125,-69.709,3.129
52250,-69.855,3.142
52375,-69.913,3.141
52500,-69.865,3.1505
52625,-69.741,3.1615
52750,-69.584,3.1685
52875,-69.59,3.1505
53000,-69.842,3.1405
53125,-70.124,3.147
53250,-70.262,3.1405
53375,-70.429,3.1375
53500,-70.856,3.1285
53625,-71.397,3.1485
53750,-71.68,3.148
53875,-71.64,3.1435
54000,-71.652,3.1395
54125,-72.009,3.127
54250,-72.478,3.113
54375,-72.653,3.1125
54500,-72.477,3.134
54625,-72.282,3.1195
54750,-72.504,3.108
54875,-73.268,3.121
55000,-74.176,3.115
55125,-74.68,3.12
55250,-74.545,3.11
55375,-73.894,3.1145
55500,-73.073,3.1075
55625,-72.502,3.1175
55750,-72.434,3.119
55875,-72.715,3.1185
56000,-72.952,3.1135
56125,-72.983,3.1245
56250,-72.871,3.118
56375,-72.641,3.12
56500,-72.35,3.122
56625,-72.092,3.116
56750,-71.803,3.118
56875,-71.373,3.1325
57000,-70.891,3.1295
57125,-70.571,3.1225
57250,-70.357,3.133
57375,-69.876,3.112
57500,-68.956,3.111
57625,-67.824,3.1045
57750,-66.777,3.105
57875,-65.97,3.1045
58000,-65.535,3.1115
58125,-65.592,3.097
58250,-65.964,3.0955
58375,-66.284,3.09
58500,-66.412,3.08
58625,-66.427,3.0775
58750,-66.439,3.0795
58875,-66.591,3.082
59000,-66.925,3.0885
59125,-67.263,3.0905
59250,-67.509,3.094
59375,-67.757,3.0895
59500,-67.999,3.1
59625,-68.111,3.099
59750,-68.144,3.1105
59875,-68.292,3.1075
60000,-68.607,3.114
60125,-68.984,3.116
60250,-69.303,3.125
60375,-69.471,3.1315
60500,-69.479,3.146
60625,-69.528,3.162
60750,-69.786,3.151
60875,-70.102,3.1805
61000,-70.435,3.166
61125,-71.346,3.1975
61250,-73.719,3.191
61375,-77.795,3.213
61500,-82.488,3.2005
61625,-86.403,3.2215
61750,-89.176,3.21
61875,-91.028,3.228
62000,-92.176,3.203
62125,-92.976,3.2135
62250,-93.792,3.19
62375,-94.75,3.1875
62500,-95.738,3.1775
62625,-96.566,3.161
62750,-97.227,3.1635
62875,-97.844,3.11
63000,-98.423,3.112
63125,-98.862,3.1145
63250,-99.101,3.1105
63375,-99.224,3.0975
63500,-99.406,3.0965
63625,-99.674,3.091
63750,-99.807,3.091
63875,-99.64,3.082
64000,-99.299,3.079
64125,-99.018,3.075
64250,-98.883,3.0725
64375,-98.844,3.068
64500,-98.847,3.0675
64625,-98.888,3.073
64750,-98.973,3.0655
64875,-99.008,3.0685
65000,-98.818,3.0715
65125,-98.426,3.073
65250,-98.065,3.079
65375,-97.816,3.0745
65500,-97.642,3.0725
65625,-97.567,3.0865
65750,-97.425,3.0805
65875,-96.873,3.0895
66000,-95.878,3.0865
66125,-94.842,3.088
66250,-94.167,3.087
66375,-93.91,3.0925
66500,-93.85,3.0805
66625,-93.871,3.089
66750,-94.119,3.085
66875,-94.642,3.085
67000,-95.162,3.0905
67125,-95.426,3.084
67250,-95.567,3.0825
67375,-95.807,3.078
67500,-96.079,3.078
67625,-96.222,3.078
67750,-96.202,3.0705
67875,-96.071,3.073
68000,-95.889,3.0745
68125,-95.63,3.075
68250,-95.154,3.0725
68375,-94.366,3.0765
68500,-93.317,3.0775
68625,-92.086,3.087
68750,-90.69,3.0865
68875,-89.217,3.0845
69000,-87.862,3.083
69125,-86.829,3.087
69250,-86.183,3.0785
69375,-85.717,3.0745
69500,-85.088,3.0765
69625,-84.202,3.075
69750,-83.262,3.073
69875,-82.452,3.065
70000,-81.822,3.0675
70125,-81.327,3.073
70250,-80.816,3.08
70375,-80.141,3.092
70500,-79.297,3.0905
70625,-78.398,3.101
70750,-77.563,3.111
70875,-76.769,3.113
71000,-75.765,3.12
71125,-74.318,3.134
71250,-72.453,3.1415
71375,-70.098,3.1475
71500,-67.082,3.1435
71625,-63.94,3.138
71750,-61.884,3.147
71875,-61.658,3.142
72000,-62.867,3.1335
72125,-64.458,3.132
72250,-65.537,3.133
72375,-65.802,3.127
72500,-65.631,3.1165
72625,-65.613,3.115
72750,-65.787,3.11
72875,-65.925,3.111
73000,-66.284,3.1105
73125,-67.163,3.106
73250,-68.149,3.1095
73375,-68.615,3.108
73500,-68.618,3.109
73625,-68.631,3.1095
73750,-68.773,3.11
73875,-68.862,3.1015
74000,-68.934,3.101
74125,-69.249,3.1125
74250,-69.806,3.114
74375,-70.221,3.1245
74500,-70.261,3.1235
74625,-70.056,3.136
74750,-69.641,3.1425
74875,-69.008,3.148
75000,-68.429,3.149
75125,-68.128,3.1535
75250,-68.023,3.1745
75375,-67.963,3.1835
75500,-67.81,3.194
75625,-67.247,3.1885
75750,-65.828,3.2085
75875,-63.251,3.203
76000,-59.892,3.2005
76125,-57.198,3.2045
76250,-56.42,3.1905
76375,-56.819,3.1875
76500,-56.704,3.178
76625,-55.816,3.179
76750,-55.208,3.171
76875,-55.362,3.1555
77000,-55.674,3.134
77125,-55.608,3.131
77250,-55.358,3.1345
77375,-55.405,3.1315
77500,-55.942,3.132
77625,-56.803,3.1345
77750,-57.627,3.142
77875,-58.078,3.1465
78000,-58.059,3.145
78125,-57.882,3.1525
78250,-58.185,3.155
78375,-59.278,3.1515
78500,-60.65,3.146
78625,-61.481,3.147
78750,-61.429,3.1515
78875,-60.649,3.159
79000,-59.336,3.1565
79125,-57.673,3.15
79250,-55.921,3.15
79375,-54.329,3.142
79500,-53.15,3.131
79625,-52.567,3.1265
79750,-52.466,3.1265
79875,-52.488,3.1265
80000,-52.301,3.124
80125,-51.929,3.127
80250,-51.719,3.118
80375,-51.843,3.1205
80500,-52.115,3.1285
80625,-52.308,3.116
80750,-52.305,3.1215
80875,-51.983,3.124
81000,-51.374,3.124
81125,-50.824,3.1275
81250,-50.624,3.1215
81375,-50.583,3.1305
81500,-50.257,3.1315
81625,-49.424,3.1345
81750,-48.224,3.1255
81875,-47.036,3.125
82000,-46.131,3.1175
82125,-45.299,3.113
82250,-44.169,3.109
82375,-42.855,3.1085
82500,-41.831,3.101
82625,-41.31,3.0995
82750,-41.077,3.091
82875,-40.915,3.09
83000,-40.897,3.089
83125,-41.11,3.085
83250,-41.342,3.0905
83375,-41.319,3.0945
83500,-41.018,3.093
83625,-40.57,3.0845
83750,-40.066,3.081
83875,-39.498,3.082
84000,-38.783,3.0835
84125,-37.867,3.091
84250,-36.886,3.094
84375,-36.119,3.1
84500,-35.684,3.0985
84625,-35.443,3.1055
84750,-35.267,3.1055
84875,-35.179,3.1115
85000,-35.217,3.1165
85125,-35.379,3.1255
85250,-35.69,3.1375
85375,-36.306,3.159
85500,-37.433,3.168
85625,-39.208,3.19
85750,-41.859,3.229
85875,-45.569,3.2435
86000,-49.976,3.2285
86125,-54.101,3.243
86250,-57.062,3.257
86375,-59.014,3.26
86500,-61.086,3.2625
86625,-64.202,3.237
86750,-68.01,3.2135
86875,-71.26,3.1795
87000,-73.147,3.1705
87125,-73.752,3.162
87250,-73.56,3.16
87375,-73.214,3.1385
87500,-73.225,3.136
87625,-73.597,3.1365
87750,-74.079,3.142
87875,-74.456,3.128
88000,-74.381,3.123
88125,-73.525,3.122
88250,-71.959,3.1175
88375,-70.19,3.1205
88500,-68.704,3.1345
88625,-67.457,3.1385
88750,-66.278,3.1335
88875,-65.331,3.1335
89000,-64.648,3.1225
89125,-63.872,3.1275
89250,-62.75,3.126
89375,-61.258,3.1325
89500,-59.491,3.1325
89625,-57.793,3.1245
89750,-56.472,3.1175
89875,-55.415,3.107
90000,-54.535,3.1035
90125,-54.091,3.104
90250,-54.186,3.0895
90375,-54.54,3.086
90500,-54.769,3.09
90625,-54.654,3.084
90750,-54.358,3.077
90875,-54.221,3.073
91000,-54.248,3.0745
91125,-54.142,3.0725
91250,-53.767,3.0685
91375,-53.324,3.071
91500,-53.132,3.071
91625,-53.362,3.071
91750,-53.775,3.074
91875,-53.862,3.073
92000,-53.494,3.068
92125,-53.138,3.072
92250,-53.21,3.0685
92375,-53.59,3.0665
92500,-53.89,3.0665
92625,-53.91,3.07
92750,-53.756,3.0715
92875,-53.59,3.0675
93000,-53.44,3.0685
93125,-53.335,3.0705
93250,-53.398,3.074
93375,-53.648,3.075
93500,-53.853,3.0795
93625,-53.72,3.084
93750,-53.26,3.088
93875,-52.787,3.0935
94000,-52.446,3.0905
94125,-52.043,3.09
94250,-51.486,3.0885
94375,-51.047,3.0915
94500,-50.943,3.0965
94625,-51.005,3.1105
94750,-51.026,3.104
94875,-51.113,3.11
95000,-51.443,3.1015
95125,-51.789,3.1085
95250,-51.663,3.1085
95375,-50.97,3.0995
95500,-50.024,3.105
95625,-48.942,3.111
95750,-47.694,3.1075
95875,-46.683,3.112
96000,-46.47,3.119
96125,-46.865,3.114
96250,-47.033,3.1125
96375,-46.512,3.113
96500,-45.55,3.118
96625,-44.706,3.1185
96750,-44.355,3.114
96875,-44.159,3.115
97000,-43.379,3.117
97125,-42.106,3.121
97250,-41.39,3.122
97375,-41.701,3.121
97500,-42.186,3.117
97625,-41.876,3.1125
97750,-40.859,3.1045
97875,-39.825,3.102
98000,-39.098,3.102
98125,-38.599,3.101
98250,-38.339,3.1025
98375,-38.45,3.1035
98500,-38.779,3.103
98625,-38.911,3.1055
98750,-38.777,3.095
98875,-38.684,3.097
99000,-38.701,3.0995
99125,-38.615,3.098
99250,-38.345,3.1025
99375,-37.993,3.1055
99500,-37.722,3.1005
99625,-37.683,3.1015
99750,-37.822,3.0965
99875,-37.938,3.094
100000,-37.965,3.1015
100125,-37.918,3.1035
100250,-37.724,3.107
100375,-37.389,3.1065
100500,-37.166,3.105
100625,-37.296,3.1055
100750,-37.649,3.1045
100875,-37.864,3.112
101000,-37.837,3.1245
101125,-37.68,3.126
101250,-37.344,3.1285
101375,-36.766,3.1315
101500,-36.166,3.138
101625,-35.948,3.141
101750,-36.352,3.151
101875,-37.217,3.157
102000,-38.148,3.1595
102125,-38.779,3.1705
102250,-38.76,3.171
102375,-37.738,3.1705
102500,-35.623,3.1675
102625,-33.019,3.164
102750,-31.008,3.161
102875,-30.207,3.1665
103000,-30.382,3.175
103125,-31.044,3.184
103250,-31.965,3.192
103375,-32.99,3.191
103500,-33.852,3.1915
103625,-34.426,3.1915
103750,-34.741,3.188
103875,-34.79,3.179
104000,-34.796,3.1775
104125,-35.315,3.1795
104250,-36.557,3.181
104375,-37.994,3.1785
104500,-38.901,3.184
104625,-39.055,3.195
104750,-38.895,3.1955
104875,-39.106,3.1895
105000,-39.771,3.1905
105125,-39.991,3.1975
105250,-38.865,3.202
105375,-36.592,3.187
105500,-34.22,3.183
105625,-32.713,3.179
105750,-32.503,3.1935
105875,-33.241,3.1845
106000,-33.834,3.176
106125,-33.326,3.174
106250,-31.917,3.1715
106375,-30.742,3.162
106500,-30.572,3.156
106625,-31.16,3.17
106750,-31.761,3.189
106875,-31.759,3.1775
107000,-30.984,3.174
107125,-29.931,3.187
107250,-29.458,3.198
107375,-30.036,3.219
107500,-31.473,3.216
107625,-33.231,3.219
107750,-34.766,3.236
107875,-35.889,3.254
108000,-36.803,3.261
108125,-37.609,3.2765
108250,-38.207,3.294
108375,-38.735,3.291
108500,-39.547,3.2645
108625,-40.777,3.2645
108750,-42.448,3.2685
108875,-44.607,3.239
109000,-46.866,3.22
109125,-48.426,3.213
109250,-48.89,3.1975
109375,-48.739,3.1995
109500,-48.927,3.1785
109625,-49.989,3.182
109750,-51.762,3.176
109875,-53.712,3.166
110000,-55.107,3.176
110125,-55.431,3.1745
110250,-54.761,3.1955
110375,-53.236,3.1965
110500,-50.764,3.2015
110625,-47.566,3.2095
110750,-44.449,3.1985
110875,-42.225,3.192
111000,-41.005,3.188
111125,-40.264,3.1895
111250,-39.411,3.1825
111375,-38.339,3.1665
111500,-37.538,3.1615
111625,-37.619,3.158
111750,-38.669,3.1485
111875,-39.891,3.148
112000,-40.313,3.148
112125,-40.078,3.135
112250,-39.912,3.123
112375,-39.824,3.1215
112500,-39.649,3.1125
112625,-39.579,3.115
112750,-39.463,3.108
112875,-38.624,3.1175
113000,-36.807,3.1205
113125,-34.748,3.1135
113250,-33.447,3.117
113375,-33.224,3.1225
113500,-33.609,3.12
113625,-33.993,3.119
113750,-34.174,3.126
113875,-34.082,3.137
114000,-33.49,3.142
114125,-32.668,3.14
114250,-32.557,3.1425
114375,-33.607,3.139
114500,-35.265,3.1295
114625,-36.868,3.136
114750,-38.15,3.14
114875,-38.869,3.147
115000,-38.818,3.146
115125,-38.196,3.1375
115250,-37.552,3.1405
115375,-37.229,3.1445
115500,-37.049,3.1345
115625,-36.596,3.1375
115750,-35.686,3.1445
115875,-34.642,3.136
116000,-33.981,3.1245
116125,-33.816,3.1195
116250,-33.907,3.1175
116375,-34.039,3.124
116500,-34.028,3.117
116625,-33.602,3.1165
116750,-32.542,3.117
116875,-31.032,3.113
117000,-29.707,3.1055
117125,-29.077,3.106
117250,-29.003,3.1085
117375,-29.006,3.114
117500,-28.921,3.124
117625,-28.859,3.125
117750,-28.806,3.1275
117875,-28.656,3.135
118000,-28.3,3.147
118125,-27.488,3.1425
118250,-26.112,3.1515
118375,-24.582,3.145
118500,-23.291,3.1505
118625,-22.057,3.1505
118750,-20.738,3.1525
118875,-19.788,3.148
119000,-19.677,3.139
119125,-20.231,3.1335
119250,-20.77,3.1295
119375,-20.678,3.1255
119500,-19.833,3.1085
119625,-18.642,3.1085
119750,-17.648,3.1155
119875,-17,3.1155
120000,-16.46,3.1205
120125,-15.794,3.1095
120250,-14.973,3.1115
120375,-14.243,3.103
120500,-13.931,3.106
120625,-14.08,3.107
120750,-14.467,3.103
120875,-14.847,3.109
121000,-14.978,3.113
121125,-14.732,3.112
121250,-14.158,3.1105
121375,-13.289,3.1125
121500,-12.246,3.1105
121625,-11.461,3.1125
121750,-11.273,3.1045
121875,-11.416,3.0955
122000,-11.429,3.104
122125,-11.21,3.101
122250,-10.776,3.0945
122375,-10.069,3.1025
122500,-9.271,3.1065
122625,-8.795,3.103
122750,-8.817,3.104
122875,-8.936,3.1055
123000,-8.455,3.107
123125,-7.22,3.114
123250,-5.808,3.1155
123375,-4.768,3.107
123500,-4.297,3.106
123625,-4.471,3.114
123750,-5.048,3.113
123875,-5.424,3.111
124000,-5.282,3.1045
124125,-4.799,3.095
124250,-4.216,3.0905
124375,-3.752,3.0945
124500,-3.746,3.0905
124625,-4.385,3.0875
124750,-5.332,3.0965
124875,-5.876,3.0875
125000,-5.592,3.0875
125125,-4.769,3.093
125250,-4.067,3.0955
125375,-3.804,3.087
125500,-3.737,3.0835
125625,-3.461,3.0775
125750,-2.903,3.0795
125875,-2.439,3.087
126000,-2.377,3.0915
126125,-2.49,3.0905
126250,-2.338,3.0895
126375,-1.8,3.086
126500,-1.039,3.0835
126625,-0.193,3.086
126750,0.606,3.0865
126875,1.17,3.091
127000,1.47,3.0945
127125,1.752,3.092
127250,2.281,3.0885
127375,3.084,3.084005515
127500,3.917,3.08
127625,4.47,3.077
127750,4.669,3.086
127875,4.622,3.089
128000,4.435,3.0855
128125,4.239,3.094
128250,4.072,3.1095
128375,3.865,3.105
128500,3.681,3.108
128625,3.582,3.114
128750,3.456,3.1235
128875,3.274,3.1255
129000,2.909,3.1245
129125,1.972,3.135
129250,0.582,3.149
129375,-0.592,3.153
129500,-1.477,3.154
129625,-2.658,3.1745
129750,-4.176,3.1745
129875,-5.362,3.194
130000,-5.914,3.1935
130125,-6.267,3.191
130250,-7.117,3.2175
130375,-8.843,3.2575
130500,-11.115,3.24
130625,-13.213,3.2725
130750,-14.73,3.2785
130875,-15.751,3.2885
131000,-16.438,3.314
131125,-16.855,3.3005
131250,-17.172,3.3145
131375,-17.684,3.351
131500,-18.546,3.353
131625,-19.592,3.3955
131750,-20.456,3.428
131875,-21.269,3.4405
132000,-22.954,3.4745
132125,-26.189,3.505
132250,-30.758,3.527
132375,-35.758,3.5815
132500,-39.936,3.5465
132625,-43.021,3.541
132750,-46.544,3.5245
132875,-51.865,3.532
133000,-57.928,3.524
133125,-62.589,3.536
133250,-65.378,3.4525
133375,-67.187,3.3955
133500,-68.676,3.4005
133625,-70.032,3.3505
133750,-71.165,3.286
133875,-71.98,3.265
134000,-72.643,3.226
134125,-73.351,3.221
134250,-74.043,3.179
134375,-74.553,3.149
134500,-74.861,3.1415
134625,-75.067,3.1315
134750,-75.217,3.1165
134875,-75.305,3.1075
135000,-75.368,3.097
135125,-75.475,3.0935
135250,-75.654,3.084
135375,-75.802,3.0795
135500,-75.745,3.076
135625,-75.424,3.08
135750,-74.971,3.0785
135875,-74.585,3.086
136000,-74.369,3.083
136125,-74.332,3.0795
136250,-74.467,3.084
136375,-74.727,3.084
136500,-75.094,3.096
136625,-75.663,3.1025
136750,-76.468,3.118
136875,-77.32,3.1115
137000,-77.906,3.112
137125,-78.085,3.1205
137250,-78.092,3.135
137375,-78.226,3.1555
137500,-78.496,3.163
137625,-78.873,3.171
137750,-79.458,3.198
137875,-80.046,3.2205
138000,-80.148,3.24
138125,-79.707,3.2785
138250,-79.365,3.277
138375,-79.712,3.2905
138500,-80.491,3.3005
138625,-81.242,3.317
138750,-82.107,3.3505
138875,-83.209,3.373
139000,-84.236,3.365
139125,-85.053,3.36
139250,-85.97,3.3935
139375,-87.269,3.3885
139500,-88.889,3.387
139625,-90.465,3.382
139750,-91.409,3.3695
139875,-91.455,3.3845
140000,-91.167,3.381
140125,-91.383,3.39
140250,-92.1,3.38
140375,-92.625,3.3695
140500,-92.859,3.356
140625,-93.303,3.381
140750,-93.983,3.3565
140875,-94.486,3.312
141000,-94.642,3.32
141125,-94.578,3.3275
141250,-94.479,3.342
141375,-94.455,3.3355
141500,-94.444,3.3055
141625,-94.251,3.2935
141750,-93.84,3.294
141875,-93.58,3.29
142000,-93.863,3.2545
142125,-94.571,3.2275
142250,-95.249,3.2115
142375,-95.557,3.2135
142500,-95.377,3.2125
142625,-94.806,3.2135
142750,-94.086,3.1765
142875,-93.49,3.153
143000,-93.242,3.1225
143125,-93.274,3.0995
143250,-93.201,3.102
143375,-92.811,3.0975
143500,-92.297,3.0965
143625,-91.962,3.094
143750,-91.947,3.097
143875,-92.156,3.1025
144000,-92.356,3.102
144125,-92.39,3.087
144250,-92.115,3.0895
144375,-91.373,3.0885
144500,-90.427,3.0845
144625,-89.914,3.0875
144750,-90.022,3.082
144875,-90.304,3.0875
145000,-90.351,3.0835
145125,-90.171,3.0845
145250,-89.96,3.076
145375,-89.83,3.075
145500,-89.807,3.073
145625,-89.871,3.0785
145750,-89.872,3.076
145875,-89.659,3.073
146000,-89.323,3.0695
146125,-89.065,3.071
146250,-88.922,3.0755
146375,-88.818,3.0745
146500,-88.791,3.069
146625,-88.845,3.0655
146750,-88.772,3.073
146875,-88.482,3.0655
147000,-88.233,3.065
147125,-88.311,3.062
147250,-88.71,3.065
147375,-89.081,3.0665
147500,-89.074,3.065
147625,-88.83,3.065
147750,-88.85,3.064
147875,-89.364,3.067
148000,-90.081,3.065
148125,-90.578,3.0625
148250,-90.785,3.065
148375,-90.881,3.0635
148500,-90.869,3.0645
148625,-90.627,3.0645
148750,-90.228,3.0665
148875,-89.92,3.0665
149000,-89.863,3.064
149125,-90.005,3.0655
149250,-90.149,3.0655
149375,-90.15,3.065
149500,-90.017,3.063
149625,-89.919,3.0645
149750,-90.068,3.0675
149875,-90.447,3.0685
150000,-90.772,3.07
150125,-90.879,3.07
150250,-90.95,3.0695
150375,-91.188,3.069
150500,-91.564,3.0705
150625,-91.943,3.068
150750,-92.258,3.071
150875,-92.576,3.065
151000,-92.971,3.0725
151125,-93.307,3.069
151250,-93.343,3.0695
151375,-93.13,3.068
151500,-92.985,3.068
151625,-93.052,3.069
151750,-93.199,3.068
151875,-93.299,3.0655
152000,-93.352,3.0655
152125,-93.4,3.066
152250,-93.413,3.0665
152375,-93.323,3.069
152500,-93.222,3.0725
152625,-93.352,3.0705
152750,-93.755,3.069
152875,-94.161,3.067
153000,-94.355,3.066
153125,-94.457,3.0635
153250,-94.743,3.067
153375,-95.268,3.0695
153500,-95.832,3.0745
153625,-96.283,3.077
153750,-96.637,3.083
153875,-96.898,3.0875
154000,-96.934,3.088
154125,-96.563,3.09
154250,-95.722,3.088
154375,-94.539,3.0865
154500,-93.271,3.0865
154625,-92.167,3.0865
154750,-91.381,3.084
154875,-90.988,3.078
155000,-91.01,3.0765
155125,-91.335,3.0815
155250,-91.667,3.0875
155375,-91.746,3.089
155500,-91.564,3.093
155625,-91.31,3.0955
155750,-91.082,3.0995
155875,-90.719,3.101
156000,-90.025,3.097
156125,-89.105,3.099
156250,-88.248,3.104
156375,-87.663,3.106
156500,-87.501,3.102
156625,-87.785,3.1
156750,-88.272,3.101
156875,-88.643,3.1045
157000,-88.733,3.102
157125,-88.53,3.1015
157250,-88.236,3.1045
157375,-88.215,3.099
157500,-88.634,3.094
157625,-89.255,3.096
157750,-89.651,3.0935
157875,-89.638,3.091
158000,-89.436,3.0915
158125,-89.356,3.093
158250,-89.453,3.092
158375,-89.635,3.089
158500,-89.925,3.09
158625,-90.37,3.086
158750,-90.874,3.0895
158875,-91.334,3.089
159000,-91.797,3.085
159125,-92.307,3.086
159250,-92.725,3.0895
159375,-92.816,3.0895
159500,-92.513,3.094
159625,-92.064,3.098
159750,-91.82,3.101
159875,-91.8,3.104
160000,-91.687,3.0995
160125,-91.248,3.095
160250,-90.505,3.0945
160375,-89.635,3.0955
160500,-88.847,3.0985
160625,-88.267,3.098
160750,-87.751,3.0935
160875,-86.951,3.094
161000,-85.833,3.095
161125,-84.767,3.0985
161250,-84.088,3.093
161375,-83.89,3.093
161500,-84.115,3.095
161625,-84.679,3.0995
161750,-85.421,3.095
161875,-86.09,3.0945
162000,-86.622,3.092
162125,-87.193,3.091
162250,-87.776,3.094
162375,-88.086,3.0985
162500,-88.055,3.0985
162625,-87.937,3.094
162750,-87.926,3.093
162875,-87.893,3.0885
163000,-87.582,3.0925
163125,-86.984,3.0965
163250,-86.319,3.1025
163375,-85.718,3.1055
163500,-85.33,3.107
163625,-85.496,3.1075
163750,-86.169,3.111
163875,-86.649,3.115
164000,-86.374,3.116
164125,-85.533,3.118
164250,-84.749,3.1285
164375,-84.316,3.13
164500,-83.958,3.1305
164625,-83.568,3.1265
164750,-83.574,3.128
164875,-84.022,3.131
165000,-84.175,3.132
165125,-83.483,3.132
165250,-82.284,3.1345
165375,-81.383,3.1335
165500,-81.296,3.1235
165625,-81.816,3.1265
165750,-82.176,3.1325
165875,-81.738,3.1325
166000,-80.492,3.1265
166125,-78.903,3.1275
166250,-77.509,3.1355
166375,-76.567,3.139
166500,-75.988,3.149
166625,-75.539,3.138
166750,-74.96,3.137
166875,-74.147,3.1445
167000,-73.288,3.146
167125,-72.513,3.139
167250,-71.778,3.1335
167375,-71.232,3.1275
167500,-71.05,3.123
167625,-70.932,3.116
167750,-70.449,3.113
167875,-69.685,3.1075
168000,-69.038,3.107
168125,-68.633,3.1035
168250,-68.196,3.102
168375,-67.433,3.1085
168500,-66.466,3.1065
168625,-65.714,3.101
168750,-65.4,3.106
168875,-65.342,3.1025
169000,-65.215,3.107
169125,-64.914,3.109
169250,-64.566,3.1045
169375,-64.211,3.102
169500,-63.79,3.099
169625,-63.421,3.107
169750,-63.234,3.1075
169875,-63.099,3.1065
170000,-62.832,3.109
170125,-62.321,3.109
170250,-61.495,3.1
170375,-60.534,3.0985
170500,-59.825,3.1
170625,-59.604,3.0995
170750,-59.775,3.096
170875,-59.872,3.0955
171000,-59.361,3.0985
171125,-58.259,3.1025
171250,-57.16,3.0915
171375,-56.563,3.086
171500,-56.487,3.08
171625,-56.715,3.0805
171750,-57.058,3.081
171875,-57.33,3.0885
172000,-57.357,3.091
172125,-57.125,3.09
172250,-56.852,3.092
172375,-56.811,3.0915
172500,-57.241,3.092
172625,-58.237,3.086
172750,-59.455,3.0815
172875,-60.305,3.0875
173000,-60.503,3.088
173125,-60.303,3.085
173250,-60.297,3.0885
173375,-60.904,3.0935
173500,-62.003,3.0975
173625,-63.093,3.103
173750,-63.7,3.1075
173875,-63.699,3.1075
174000,-63.473,3.114
174125,-63.586,3.1135
174250,-64.21,3.1105
174375,-65.039,3.115
174500,-65.683,3.123
174625,-65.939,3.113
174750,-65.821,3.118
174875,-65.546,3.119
175000,-65.439,3.124
175125,-65.632,3.1235
175250,-65.913,3.1245
175375,-66.044,3.128
175500,-65.992,3.1415
175625,-65.778,3.155
175750,-65.464,3.155
175875,-65.253,3.1745
176000,-65.321,3.1595
176125,-65.649,3.1535
176250,-66.121,3.145
176375,-66.656,3.154
176500,-67.175,3.16
176625,-67.565,3.157
176750,-67.786,3.159
176875,-67.906,3.1595
177000,-67.95,3.163
177125,-67.828,3.16
177250,-67.595,3.158
177375,-67.621,3.154
177500,-68.07,3.165
177625,-68.48,3.1845
177750,-68.385,3.1795
177875,-68.008,3.1645
178000,-67.914,3.166
178125,-68.35,3.174
178250,-69.26,3.1745
178375,-70.546,3.168
178500,-72.082,3.154
178625,-73.739,3.1555
178750,-75.403,3.146
178875,-76.929,3.147
179000,-78.272,3.136
179125,-79.441,3.134
179250,-80.14,3.1295
179375,-79.908,3.1305
179500,-78.762,3.127
179625,-77.412,3.1225
179750,-76.805,3.121
179875,-77.336,3.116
180000,-78.376,3.109
180125,-78.835,3.1015
180250,-78.248,3.095
180375,-77.263,3.0985
180500,-77.005,3.1015
180625,-77.778,3.1015
180750,-78.736,3.1
180875,-79.039,3.098
181000,-78.632,3.0905
181125,-77.835,3.0855
181250,-76.977,3.0865
181375,-76.362,3.084
181500,-76.059,3.081
181625,-75.86,3.0785
181750,-75.581,3.0715
181875,-75.183,3.0685
182000,-74.687,3.065
182125,-74.224,3.0625
182250,-74.002,3.062
182375,-74.053,3.062
182500,-74.191,3.062
182625,-74.257,3.062
182750,-74.209,3.062
182875,-74.076,3.0655
183000,-73.921,3.0705
183125,-73.796,3.0695
183250,-73.742,3.0705
183375,-73.814,3.072
183500,-73.995,3.0725
183625,-74.145,3.0725
183750,-74.132,3.07
183875,-73.917,3.069
184000,-73.547,3.0725
184125,-73.125,3.0785
184250,-72.769,3.0785
184375,-72.566,3.079
184500,-72.482,3.08
184625,-72.386,3.086
184750,-72.22,3.0855
184875,-71.982,3.0885
185000,-71.548,3.091
185125,-70.78,3.092
185250,-69.796,3.0875
185375,-68.872,3.0895
185500,-68.175,3.087
185625,-67.767,3.0855
185750,-67.681,3.09
185875,-67.766,3.0945
186000,-67.724,3.094
186125,-67.412,3.0945
186250,-66.933,3.094
186375,-66.455,3.093
186500,-66.046,3.092
186625,-65.706,3.0915
186750,-65.446,3.0915
186875,-65.24,3.092
187000,-65.053,3.0895
187125,-64.951,3.0895
187250,-65.023,3.0895
187375,-65.136,3.0915
187500,-65.075,3.0915
187625,-64.881,3.094
187750,-64.763,3.0985
187875,-64.782,3.099
188000,-64.885,3.1
188125,-65.096,3.1005
188250,-65.461,3.0985
188375,-65.914,3.1015
188500,-66.319,3.1075
188625,-66.554,3.11
188750,-66.466,3.113
188875,-66.029,3.1125
189000,-65.472,3.115
189125,-64.957,3.117
189250,-64.343,3.121
189375,-63.481,3.1275
189500,-62.492,3.1285
189625,-61.63,3.1315
189750,-61.073,3.1385
189875,-60.783,3.149
190000,-60.532,3.159
190125,-60.343,3.1565
190250,-60.574,3.168
190375,-61.211,3.1755
190500,-61.744,3.1705
190625,-61.965,3.1795
190750,-62.107,3.19
190875,-62.27,3.202
191000,-62.088,3.2095
191125,-61.003,3.205
191250,-59.015,3.2095
191375,-56.993,3.2195
191500,-55.728,3.227
191625,-55.011,3.2215
191750,-54.173,3.2165
191875,-53.074,3.2105
192000,-52.189,3.216
192125,-51.862,3.211
192250,-51.771,3.2125
192375,-51.253,3.223
192500,-49.807,3.224
192625,-47.418,3.222
192750,-44.777,3.213
192875,-42.721,3.203
193000,-41.285,3.2085
193125,-39.996,3.2255
193250,-38.679,3.2135
193375,-37.479,3.2115
193500,-36.698,3.2185
193625,-36.464,3.2165
193750,-36.335,3.219
193875,-35.59,3.217
194000,-34.211,3.2115
194125,-33.259,3.222
194250,-33.572,3.226
194375,-34.609,3.227
194500,-34.903,3.2355
194625,-33.368,3.236
194750,-30.348,3.2205
194875,-27.264,3.2135
195000,-25.068,3.224
195125,-23.635,3.229
195250,-22.496,3.218
195375,-21.293,3.2255
195500,-19.83,3.2405
195625,-18.384,3.2225
195750,-17.529,3.2345
195875,-17.243,3.2395
196000,-16.893,3.2275
196125,-16.298,3.216
196250,-15.852,3.2035
196375,-15.485,3.196
196500,-14.619,3.2195
196625,-13.32,3.2285
196750,-12.365,3.233
196875,-11.999,3.2135
197000,-11.827,3.1925
197125,-11.851,3.1875
197250,-12.372,3.1815
197375,-13.177,3.1835
197500,-13.824,3.187
197625,-14.148,3.1745
197750,-14.159,3.1655
197875,-14.108,3.1815
198000,-14.34,3.183
198125,-14.765,3.2015
198250,-15.143,3.216
198375,-15.762,3.2215
198500,-16.864,3.2105
198625,-17.843,3.2185
198750,-18.105,3.2025
198875,-18.305,3.212
199000,-19.555,3.207
199125,-21.569,3.2185
199250,-22.902,3.2155
199375,-22.96,3.2105
199500,-22.729,3.2245
199625,-23.5,3.22
199750,-25.343,3.2255
199875,-27.049,3.212
200000,-27.687,3.2125
200125,-27.655,3.21
200250,-27.661,3.198
200375,-27.737,3.1925
200500,-27.898,3.207
200625,-28.605,3.2055
200750,-29.985,3.212
200875,-31.459,3.2245
201000,-32.401,3.2135
201125,-32.559,3.207
201250,-32.018,3.21
201375,-31.412,3.2115
201500,-31.5,3.2075
201625,-32.201,3.2145
201750,-32.878,3.2215
201875,-33.311,3.2185
202000,-33.69,3.21
202125,-34.153,3.2025
202250,-34.84,3.2045
202375,-35.93,3.192
202500,-37.18,3.2
202625,-38.055,3.215
202750,-38.516,3.206
202875,-38.971,3.208
203000,-39.515,3.2125
203125,-39.791,3.2095
203250,-39.559,3.1985
203375,-39.172,3.193
203500,-39.314,3.184
203625,-40.178,3.186
203750,-41.222,3.204
203875,-41.907,3.2055
204000,-42.3,3.2005
204125,-42.675,3.2025
204250,-42.896,3.205
204375,-42.684,3.2145
204500,-42.212,3.215
204625,-41.879,3.213
204750,-41.87,3.2035
204875,-42.319,3.1895
205000,-43.162,3.1885
205125,-43.844,3.1805
205250,-43.9,3.1665
205375,-43.585,3.153
205500,-43.486,3.1485
205625,-43.811,3.151
205750,-44.225,3.1575
205875,-44.214,3.162
206000,-43.63,3.1545
206125,-42.833,3.142
206250,-42.235,3.1355
206375,-41.845,3.129
206500,-41.382,3.121
206625,-40.745,3.122
206750,-40.13,3.124
206875,-39.712,3.123
207000,-39.515,3.1175
207125,-39.522,3.114
207250,-39.697,3.111
207375,-39.918,3.102
207500,-39.987,3.1015
207625,-39.766,3.1005
207750,-39.282,3.1075
207875,-38.697,3.114
208000,-38.155,3.1145
208125,-37.714,3.114
208250,-37.377,3.1135
208375,-37.12,3.1125
208500,-36.921,3.114
208625,-36.755,3.1135
208750,-36.59,3.1145
208875,-36.449,3.116
209000,-36.362,3.115
209125,-36.306,3.1165
209250,-36.226,3.11
209375,-36.119,3.111
209500,-36.063,3.1085
209625,-36.111,3.116
209750,-36.183,3.116
209875,-36.155,3.113
210000,-36,3.1115
210125,-35.823,3.114
210250,-35.706,3.1165
210375,-35.479,3.1215
210500,-34.834,3.125
210625,-33.808,3.1215
210750,-32.876,3.124
210875,-32.398,3.134
211000,-32.292,3.136
211125,-32.309,3.135
211250,-32.32,3.1345
211375,-32.298,3.139
211500,-32.225,3.138
211625,-32.119,3.144
211750,-32.065,3.1475
211875,-32.126,3.146
212000,-32.26,3.14
212125,-32.406,3.144
212250,-32.534,3.1415
212375,-32.568,3.1405
212500,-32.447,3.143
212625,-32.269,3.1445
212750,-32.237,3.146
212875,-32.425,3.151
213000,-32.645,3.155
213125,-32.647,3.158
213250,-32.305,3.154
213375,-31.517,3.15
213500,-30.318,3.1485
213625,-29.129,3.151
213750,-28.417,3.153
213875,-28.248,3.153
214000,-28.415,3.1505
214125,-28.722,3.145
214250,-28.974,3.138
214375,-28.9,3.1425
214500,-28.405,3.141
214625,-27.786,3.138
214750,-27.479,3.1355
214875,-27.654,3.128
215000,-28.109,3.1255
215125,-28.552,3.125
215250,-28.978,3.123
215375,-29.594,3.1235
215500,-30.324,3.1185
215625,-30.736,3.112
215750,-30.588,3.1085
215875,-30.109,3.11
216000,-29.748,3.107
216125,-29.809,3.1095
216250,-30.069,3.1135
216375,-30.112,3.115
216500,-30.218,3.112
216625,-30.963,3.1075
216750,-32.082,3.102
216875,-32.814,3.098
217000,-32.927,3.1025
217125,-32.735,3.1015
217250,-32.575,3.1015
217375,-32.548,3.0965
217500,-32.603,3.104
217625,-32.735,3.1085
217750,-33.031,3.114
217875,-33.577,3.1165
218000,-34.264,3.121
218125,-34.758,3.1275
218250,-35.002,3.1335
218375,-35.385,3.138
218500,-36.07,3.1465
218625,-36.72,3.17
218750,-37.103,3.167
218875,-37.377,3.174
219000,-37.721,3.189
219125,-38.197,3.202
219250,-38.975,3.196
219375,-40.156,3.2065
219500,-41.451,3.2075
219625,-42.562,3.2105
219750,-43.62,3.211
219875,-45.005,3.2225
220000,-47.068,3.232
220125,-49.984,3.237
220250,-53.535,3.248
220375,-57.188,3.248
220500,-60.808,3.2395
220625,-64.472,3.233
220750,-67.495,3.2235
220875,-69.172,3.223
221000,-69.744,3.2135
221125,-69.864,3.2075
221250,-70.094,3.2025
221375,-70.721,3.1945
221500,-71.513,3.1825
221625,-71.929,3.173
221750,-71.725,3.1675
221875,-71.198,3.1605
222000,-70.824,3.152
222125,-70.805,3.138
222250,-70.986,3.1425
222375,-71.048,3.136
222500,-70.781,3.128
222625,-70.245,3.128
222750,-69.601,3.12
222875,-68.968,3.111
223000,-68.571,3.116
223125,-68.587,3.1115
223250,-68.858,3.1095
223375,-69.095,3.1185
223500,-69.201,3.1125
223625,-69.185,3.1075
223750,-68.95,3.101
223875,-68.52,3.102
224000,-68.306,3.092
224125,-68.686,3.088
224250,-69.478,3.0895
224375,-70.135,3.0885
224500,-70.327,3.0905
224625,-70.088,3.091
224750,-69.571,3.089
224875,-69.026,3.0955
225000,-68.835,3.0945
225125,-69.228,3.0965
225250,-70.123,3.0935
225375,-71.259,3.0905
225500,-72.292,3.091
225625,-72.98,3.0885
225750,-73.355,3.089
225875,-73.606,3.087
226000,-73.853,3.0845
226125,-74.092,3.0855
226250,-74.236,3.086
226375,-74.21,3.0905
226500,-74.103,3.0845
226625,-74.046,3.083
226750,-74.06,3.0825
226875,-74.18,3.0805
227000,-74.466,3.081
227125,-74.789,3.0815
227250,-74.851,3.0795
227375,-74.379,3.0805
227500,-73.299,3.0845
227625,-71.891,3.0875
227750,-70.702,3.091
227875,-70.08,3.09
228000,-69.849,3.0935
228125,-69.567,3.087
228250,-69.026,3.087
228375,-68.369,3.089
228500,-67.738,3.097
228625,-67.054,3.103
228750,-66.236,3.101
228875,-65.433,3.103
229000,-64.941,3.1025
229125,-64.951,3.1105
229250,-65.449,3.113
229375,-66.293,3.113
229500,-67.18,3.119
229625,-67.662,3.1255
229750,-67.465,3.13
229875,-66.803,3.124
230000,-66.202,3.1275
230125,-65.982,3.1275
230250,-65.957,3.1235
230375,-65.628,3.1265
230500,-64.793,3.1265
230625,-63.983,3.1275
230750,-64.073,3.1285
230875,-65.304,3.1275
231000,-66.895,3.1325
231125,-67.778,3.129
231250,-67.52,3.1285
231375,-66.425,3.1195
231500,-65.126,3.1205
231625,-64.156,3.116
231750,-63.688,3.1195
231875,-63.539,3.114
232000,-63.388,3.113
232125,-63.076,3.112
232250,-62.741,3.1185
232375,-62.506,3.1265
232500,-62.197,3.134
232625,-61.521,3.1405
232750,-60.306,3.147
232875,-58.599,3.1405
233000,-56.636,3.132
233125,-54.708,3.1405
233250,-52.993,3.1405
233375,-51.551,3.1495
233500,-50.611,3.15
233625,-50.414,3.1535
233750,-50.346,3.153
233875,-49.225,3.1555
234000,-46.967,3.158
234125,-44.797,3.152
234250,-43.623,3.1505
234375,-43.186,3.1485
234500,-42.75,3.1385
234625,-41.977,3.1355
234750,-40.997,3.123
234875,-39.969,3.13
235000,-38.892,3.1245
235125,-37.842,3.115
235250,-37.112,3.103
235375,-36.927,3.0915
235500,-37.071,3.091
235625,-37.087,3.0925
235750,-36.839,3.0905
235875,-36.473,3.0905
236000,-36.003,3.0875
236125,-35.407,3.0925
236250,-34.794,3.094
236375,-34.231,3.0905
236500,-33.653,3.085
236625,-33.064,3.0835
236750,-32.585,3.084
236875,-32.216,3.087
237000,-31.782,3.079
237125,-31.139,3.0805
237250,-30.318,3.0865
237375,-29.449,3.0905
237500,-28.634,3.092
237625,-27.918,3.093
237750,-27.34,3.094
237875,-26.882,3.092
238000,-26.322,3.093
238125,-25.326,3.102
238250,-23.811,3.0945
238375,-22.182,3.1
238500,-21.066,3.105
238625,-20.665,3.103
238750,-20.377,3.1145
238875,-19.389,3.1095
239000,-17.608,3.112
239125,-15.667,3.1105
239250,-14.114,3.115
239375,-13,3.1055
239500,-12.197,3.1075
239625,-11.648,3.1245
239750,-11.531,3.122
239875,-12.296,3.1485
240000,-13.956,3.1485
240125,-15.659,3.1605
240250,-16.652,3.1535
240375,-17.131,3.154
240500,-17.789,3.174
240625,-18.988,3.1975
240750,-20.599,3.2005
240875,-22.32,3.2145
241000,-23.985,3.2705
241125,-25.649,3.311
241250,-27.79,3.3705
241375,-31.742,3.3955
241500,-38.774,3.4075
241625,-47.846,3.3935
241750,-55.916,3.395
241875,-61.006,3.388
242000,-63.529,3.3745
242125,-65.056,3.37
242250,-66.841,3.3575
242375,-68.975,3.3195
242500,-70.741,3.2715
242625,-71.721,3.244
242750,-72.118,3.216
242875,-72.321,3.2015
243000,-72.633,3.1945
243125,-73.141,3.1805
243250,-73.707,3.18
243375,-74.123,3.1785
243500,-74.335,3.1785
243625,-74.554,3.177
243750,-75.024,3.1615
243875,-75.785,3.1665
244000,-76.746,3.1475
244125,-77.735,3.138
244250,-78.549,3.129
244375,-79.142,3.125
244500,-79.543,3.1175
244625,-79.705,3.109
244750,-79.655,3.098
244875,-79.58,3.092
245000,-79.605,3.0875
245125,-79.695,3.085
245250,-79.843,3.083
245375,-80.131,3.079
245500,-80.493,3.081
245625,-80.707,3.0825
245750,-80.721,3.0855
245875,-80.675,3.0915
246000,-80.6,3.0925
246125,-80.404,3.093
246250,-80.078,3.101
246375,-79.741,3.1035
246500,-79.525,3.1045
246625,-79.478,3.0985
246750,-79.515,3.095
246875,-79.467,3.0935
247000,-79.26,3.0955
247125,-79.067,3.09
247250,-79.099,3.091
247375,-79.288,3.094
247500,-79.418,3.0975
247625,-79.454,3.1015
247750,-79.5,3.1025
247875,-79.519,3.1045
248000,-79.36,3.1015
248125,-79.14,3.1
248250,-79.322,3.1015
248375,-80.149,3.101
248500,-81.356,3.106
248625,-82.535,3.109
248750,-83.527,3.104
248875,-84.407,3.1025
249000,-85.255,3.096
249125,-86.026,3.0945
249250,-86.552,3.088
249375,-86.638,3.092
249500,-86.384,3.0905
249625,-86.204,3.0825
249750,-86.308,3.074
249875,-86.51,3.07
250000,-86.624,3.07
250125,-86.691,3.069
250250,-86.787,3.071
250375,-86.92,3.0725
250500,-87.077,3.072
250625,-87.217,3.072
250750,-87.298,3.0715
250875,-87.326,3.071
251000,-87.332,3.07
251125,-87.33,3.071
251250,-87.309,3.0695
251375,-87.206,3.0695
251500,-86.887,3.0675
251625,-86.271,3.0655
251750,-85.537,3.0635
251875,-84.993,3.0615
252000,-84.688,3.062
252125,-84.421,3.0645
252250,-84.079,3.0665
252375,-83.734,3.063
252500,-83.493,3.064
252625,-83.385,3.06
252750,-83.384,3.0575
252875,-83.487,3.0575
253000,-83.708,3.057
253125,-84.019,3.0575
253250,-84.375,3.0585
253375,-84.799,3.06
253500,-85.282,3.06
253625,-85.664,3.059
253750,-85.774,3.0605
253875,-85.649,3.063
254000,-85.483,3.0635
254125,-85.417,3.064
254250,-85.484,3.0695
254375,-85.657,3.071
254500,-85.817,3.071
254625,-85.816,3.0695
254750,-85.648,3.071
254875,-85.435,3.0695
255000,-85.231,3.069
255125,-85.012,3.0685
255250,-84.815,3.0705
255375,-84.732,3.075
255500,-84.74,3.076
255625,-84.707,3.08
255750,-84.528,3.081
255875,-84.247,3.0815
256000,-84.048,3.0805
256125,-83.958,3.083
256250,-83.801,3.083
256375,-83.619,3.086
256500,-83.639,3.0885
256625,-83.814,3.089
256750,-83.811,3.09
256875,-83.402,3.09
257000,-82.689,3.0925
257125,-81.992,3.0915
257250,-81.527,3.088
257375,-81.24,3.086
257500,-80.968,3.089
257625,-80.643,3.0905
257750,-80.261,3.0915
257875,-79.767,3.094
258000,-79.127,3.0915
258125,-78.374,3.093
258250,-77.447,3.0935
258375,-76.31,3.093
258500,-75.282,3.09
258625,-74.718,3.0845
258750,-74.51,3.084
258875,-74.401,3.086
259000,-74.453,3.0825
259125,-74.79,3.0825
259250,-75.157,3.087
259375,-75.126,3.0875
259500,-74.671,3.088
259625,-74.25,3.088
259750,-74.318,3.083
259875,-74.904,3.0795
260000,-75.65,3.0785
260125,-76.21,3.079
260250,-76.454,3.081
260375,-76.373,3.0815
260500,-76.196,3.0805
260625,-76.341,3.0755
260750,-76.894,3.073
260875,-77.534,3.073
261000,-78.042,3.0705
261125,-78.487,3.07
261250,-78.976,3.074
261375,-79.411,3.074
261500,-79.572,3.0705
261625,-79.484,3.0735
261750,-79.495,3.073
261875,-79.855,3.0735
262000,-80.386,3.0755
262125,-80.748,3.076
262250,-80.863,3.0765
262375,-80.888,3.076
262500,-80.954,3.074
262625,-81.085,3.072
262750,-81.224,3.071
262875,-81.325,3.073
263000,-81.4,3.0745
263125,-81.438,3.0765
263250,-81.388,3.079
263375,-81.279,3.0795
263500,-81.228,3.0815
263625,-81.268,3.085
263750,-81.349,3.084
263875,-81.479,3.082
264000,-81.705,3.0795
264125,-82.004,3.08
264250,-82.299,3.0845
264375,-82.548,3.09
264500,-82.746,3.0965
264625,-82.921,3.1015
264750,-83.123,3.106
264875,-83.399,3.1055
265000,-83.826,3.1095
265125,-84.523,3.1105
265250,-85.491,3.111
265375,-86.455,3.1105
265500,-87.052,3.108
265625,-87.234,3.105
265750,-87.365,3.103
265875,-88.05,3.1055
266000,-89.628,3.109
266125,-91.411,3.108
266250,-92.153,3.11
266375,-91.725,3.1105
266500,-91.279,3.109
266625,-91.663,3.1075
266750,-92.674,3.104
266875,-93.685,3.103
267000,-94.346,3.1055
267125,-94.755,3.104
267250,-95.145,3.1005
267375,-95.595,3.0975
267500,-96.077,3.092
267625,-96.541,3.0865
267750,-96.932,3.0855
267875,-97.218,3.083
268000,-97.449,3.082
268125,-97.735,3.0835
268250,-98.126,3.083
268375,-98.589,3.0815
268500,-99.068,3.08
268625,-99.497,3.079
268750,-99.773,3.076
268875,-99.809,3.0765
269000,-99.657,3.0725
269125,-99.488,3.073
269250,-99.423,3.0745
269375,-99.447,3.074
269500,-99.404,3.0715
269625,-99.128,3.0715
269750,-98.785,3.072
269875,-98.798,3.0685
270000,-99.277,3.068
270125,-99.941,3.068
270250,-100.532,3.067
270375,-100.914,3.068
270500,-101.021,3.069
270625,-101.009,3.0675
270750,-101.156,3.067
270875,-101.515,3.065
271000,-101.898,3.06
271125,-102.133,3.06
271250,-102.172,3.064
271375,-102.068,3.063
271500,-101.912,3.0645
271625,-101.754,3.0645
271750,-101.591,3.0625
271875,-101.458,3.064
272000,-101.412,3.067
272125,-101.492,3.07
272250,-101.7,3.067
272375,-101.968,3.0655
272500,-102.181,3.0645
272625,-102.282,3.064
272750,-102.282,3.0635
272875,-102.175,3.065
273000,-101.94,3.065
273125,-101.624,3.0675
273250,-101.37,3.0695
273375,-101.271,3.0705
273500,-101.209,3.0695
273625,-100.959,3.0685
273750,-100.523,3.0645
273875,-100.135,3.0685
274000,-99.954,3.069
274125,-99.964,3.068
274250,-100.078,3.067
274375,-100.183,3.066
274500,-100.19,3.067
274625,-100.118,3.067
274750,-100.091,3.065
274875,-100.191,3.0665
275000,-100.322,3.0665
275125,-100.302,3.0665
275250,-100.078,3.0675
275375,-99.711,3.069
275500,-99.268,3.069
275625,-98.864,3.0705
275750,-98.663,3.0705
275875,-98.697,3.073
276000,-98.776,3.0735
276125,-98.632,3.0715
276250,-98.182,3.074
276375,-97.627,3.0745
276500,-97.249,3.0785
276625,-97.125,3.081
276750,-97.064,3.082
276875,-96.824,3.086
277000,-96.262,3.0825
277125,-95.306,3.085
277250,-94.045,3.0835
277375,-92.85,3.083
277500,-92.095,3.0845
277625,-91.783,3.082
277750,-91.689,3.088
277875,-91.69,3.087
278000,-91.715,3.0935
278125,-91.611,3.094
278250,-91.17,3.096
278375,-90.31,3.096
278500,-89.272,3.093
278625,-88.432,3.0925
278750,-87.943,3.0925
278875,-87.658,3.0955
279000,-87.265,3.093
279125,-86.636,3.0915
279250,-85.987,3.0845
279375,-85.561,3.0825
279500,-85.356,3.0835
279625,-85.227,3.084
279750,-85.076,3.086
279875,-84.904,3.086
280000,-84.701,3.0895
280125,-84.381,3.089
280250,-83.855,3.088
280375,-83.108,3.0835
280500,-82.268,3.0875
280625,-81.574,3.094
280750,-81.126,3.0905
280875,-80.753,3.084
281000,-80.272,3.084
281125,-79.728,3.085
281250,-79.271,3.0865
281375,-78.979,3.087
281500,-78.84,3.0895
281625,-78.851,3.09
281750,-79.027,3.092
281875,-79.254,3.1005
282000,-79.296,3.096
282125,-78.989,3.099
282250,-78.273,3.103
282375,-77.264,3.11
282500,-76.269,3.1105
282625,-75.471,3.115
282750,-74.876,3.1225
282875,-74.511,3.126
283000,-74.258,3.1335
283125,-73.719,3.134
283250,-72.619,3.1365
283375,-71.177,3.136
283500,-69.883,3.139
283625,-69.015,3.144
283750,-68.456,3.1375
283875,-67.873,3.138
284000,-67.086,3.139
284125,-66.185,3.1445
284250,-65.299,3.145
284375,-64.477,3.155
284500,-63.735,3.1495
284625,-62.969,3.144
284750,-61.977,3.1475
284875,-60.673,3.15
285000,-59.185,3.141
285125,-57.861,3.1375
285250,-57.177,3.146
285375,-57.224,3.1425
285500,-57.406,3.136
285625,-57.039,3.125
285750,-56.303,3.1245
285875,-55.939,3.129
286000,-56.025,3.1355
286125,-55.94,3.132
286250,-55.201,3.129
286375,-53.859,3.124
286500,-52.477,3.121
286625,-51.593,3.115
286750,-51.078,3.1205
286875,-50.46,3.119
287000,-49.609,3.1215
287125,-48.789,3.1125
287250,-48.278,3.108
287375,-48.051,3.11
287500,-47.795,3.106
287625,-47.266,3.112
287750,-46.607,3.1125
287875,-46.119,3.1075
288000,-45.839,3.107
288125,-45.648,3.1055
288250,-45.467,3.1035
288375,-45.116,3.1015
288500,-44.54,3.108
288625,-44.047,3.114
288750,-43.825,3.1135
288875,-43.578,3.105
289000,-42.995,3.1125
289125,-42.273,3.124
289250,-41.8,3.123
289375,-41.493,3.1225
289500,-40.938,3.116
289625,-40.089,3.109
289750,-39.376,3.121
289875,-39.122,3.132
290000,-39.226,3.128
290125,-39.491,3.1275
290250,-39.878,3.1325
290375,-40.267,3.1455
290500,-40.276,3.1425
290625,-39.681,3.1455
290750,-38.873,3.1505
290875,-38.5,3.154
291000,-38.718,3.147
291125,-39.042,3.155
291250,-38.919,3.1765
291375,-38.266,3.1775
291500,-37.408,3.1825
291625,-36.778,3.1985
291750,-36.727,3.206
291875,-37.217,3.2055
292000,-37.834,3.2005
292125,-38.299,3.2145
292250,-38.589,3.2215
292375,-38.606,3.2145
292500,-38.364,3.23
292625,-38.195,3.231
292750,-38.302,3.2485
292875,-38.551,3.258
293000,-38.908,3.2715
293125,-39.561,3.2425
293250,-40.563,3.2395
293375,-41.954,3.233
293500,-43.985,3.2435
293625,-46.501,3.2265
293750,-48.733,3.252
293875,-50.22,3.2435
294000,-51.294,3.252
294125,-52.304,3.2425
294250,-52.968,3.233
294375,-53.039,3.2175
294500,-52.975,3.2315
294625,-53.371,3.233
294750,-54.29,3.227
294875,-55.429,3.2295
295000,-56.598,3.221
295125,-57.859,3.2115
295250,-59.027,3.1815
295375,-59.581,3.1685
295500,-59.383,3.1525
295625,-58.877,3.1545
295750,-58.676,3.1495
295875,-59.196,3.1475
296000,-60.396,3.1665
296125,-61.725,3.1565
296250,-62.525,3.1405
296375,-62.718,3.1325
296500,-62.826,3.13
296625,-63.216,3.1245
296750,-63.645,3.118
296875,-63.7,3.1135
297000,-63.433,3.1075
297125,-63.267,3.1045
297250,-63.331,3.097
297375,-63.278,3.0905
297500,-62.925,3.081
297625,-62.626,3.084
297750,-62.783,3.079
297875,-63.363,3.0795
298000,-64.034,3.0785
298125,-64.51,3.0775
298250,-64.711,3.074
298375,-64.709,3.0715
298500,-64.616,3.07
298625,-64.557,3.074
298750,-64.583,3.081
298875,-64.61,3.0835
299000,-64.549,3.08
299125,-64.448,3.0835
299250,-64.394,3.086
299375,-64.397,3.087
299500,-64.349,3.086
299625,-64.062,3.084
299750,-63.484,3.0865
299875,-62.824,3.0865
300000,-62.227,3.0815
300125,-61.484,3.085
300250,-60.488,3.086
300375,-59.681,3.0835
300500,-59.556,3.084
300625,-60.032,3.078
300750,-60.592,3.0795
300875,-60.795,3.08
301000,-60.542,3.0875
301125,-60.046,3.0865
301250,-59.592,3.083
301375,-59.27,3.0805
301500,-58.999,3.08
301625,-58.778,3.0745
301750,-58.744,3.074
301875,-58.955,3.078
302000,-59.237,3.0745
302125,-59.353,3.0815
302250,-59.239,3.0795
302375,-58.945,3.0725
302500,-58.519,3.071
302625,-58.011,3.0755
302750,-57.525,3.0815
302875,-57.2,3.0835
303000,-57.035,3.0795
303125,-56.786,3.0785
303250,-56.237,3.078
303375,-55.523,3.073
303500,-54.958,3.0755
303625,-54.581,3.0805
303750,-54.214,3.0815
303875,-53.846,3.09
304000,-53.637,3.088
304125,-53.647,3.0875
304250,-53.789,3.087
304375,-53.979,3.0815
304500,-54.131,3.084
304625,-54.076,3.0845
304750,-53.717,3.0835
304875,-53.169,3.0815
305000,-52.582,3.0825
305125,-51.991,3.086
305250,-51.421,3.086
305375,-51.009,3.0855
305500,-50.893,3.085
305625,-51.012,3.0885
305750,-51.156,3.0885
305875,-51.182,3.0875
306000,-51.103,3.085
306125,-51.021,3.0825
306250,-50.975,3.082
306375,-50.894,3.0805
306500,-50.773,3.0815
306625,-50.694,3.0855
306750,-50.659,3.0885
306875,-50.633,3.0875
307000,-50.701,3.0895
307125,-50.942,3.0905
307250,-51.215,3.088
307375,-51.318,3.0865
307500,-51.268,3.0835
307625,-51.256,3.0815
307750,-51.412,3.083
307875,-51.8,3.083
308000,-52.354,3.084
308125,-52.673,3.0805
308250,-52.367,3.083
308375,-51.712,3.0815
308500,-51.342,3.0805
308625,-51.311,3.089
308750,-51.112,3.086
308875,-50.507,3.0825
309000,-49.791,3.079
309125,-49.339,3.08
309250,-49.182,3.0865
309375,-49.109,3.084
309500,-49.073,3.0865
309625,-49.154,3.0845
309750,-49.149,3.0835
309875,-48.716,3.0815
310000,-47.883,3.084
310125,-47.083,3.082
310250,-46.667,3.0785
310375,-46.564,3.0765
310500,-46.603,3.078
310625,-46.819,3.076
310750,-47.145,3.08
310875,-47.254,3.076
311000,-46.95,3.0765
311125,-46.286,3.077
311250,-45.363,3.0785
311375,-44.352,3.0805
311500,-43.508,3.0775
311625,-42.954,3.0735
311750,-42.592,3.0775
311875,-42.259,3.075
312000,-41.828,3.0745
312125,-41.282,3.07
312250,-40.823,3.0705
312375,-40.731,3.0705
312500,-41.011,3.0685
312625,-41.308,3.071
312750,-41.312,3.066
312875,-41.017,3.064
313000,-40.573,3.0655
313125,-40.09,3.0645
313250,-39.627,3.065
313375,-39.244,3.0695
313500,-38.999,3.07
313625,-38.905,3.0695
313750,-38.914,3.071
313875,-38.932,3.0695
314000,-38.844,3.0705
314125,-38.622,3.0735
314250,-38.343,3.0775
314375,-38.102,3.0775
314500,-38.035,3.077
314625,-38.274,3.075
314750,-38.666,3.0785
314875,-38.792,3.0795
315000,-38.47,3.078
315125,-37.977,3.081
315250,-37.67,3.0855
315375,-37.614,3.0825
315500,-37.654,3.085
315625,-37.694,3.084
315750,-37.782,3.0865
315875,-37.944,3.092
316000,-38.159,3.092
316125,-38.479,3.0935
316250,-38.867,3.098
316375,-39.005,3.1065
316500,-38.638,3.1075
316625,-37.981,3.113
316750,-37.532,3.1195
316875,-37.556,3.1235
317000,-37.978,3.131
317125,-38.676,3.119
317250,-39.534,3.1175
317375,-40.303,3.117
317500,-40.75,3.1245
317625,-40.902,3.1305
317750,-40.959,3.1395
317875,-41.164,3.151
318000,-41.711,3.1595
318125,-42.388,3.17
318250,-42.749,3.1615
318375,-42.877,3.168
318500,-43.231,3.1695
318625,-43.901,3.1875
318750,-44.679,3.1955
318875,-45.442,3.1895
319000,-46.113,3.1865
319125,-46.447,3.1905
319250,-46.027,3.2015
319375,-44.98,3.191
319500,-44.381,3.2075
319625,-44.744,3.2125
319750,-44.881,3.206
319875,-43.492,3.2255
320000,-41.009,3.235
320125,-38.751,3.2345
320250,-37.202,3.2205
320375,-36.158,3.221
320500,-35.525,3.2195
320625,-35.201,3.206
320750,-34.955,3.1945
320875,-34.679,3.1895
321000,-34.405,3.1705
321125,-34.109,3.1505
321250,-33.727,3.1415
321375,-33.323,3.1205
321500,-33.056,3.1105
321625,-32.997,3.104
321750,-33.077,3.1
321875,-33.14,3.097
322000,-33.031,3.0915
322125,-32.712,3.0825
322250,-32.321,3.0815
322375,-32.055,3.088
322500,-31.99,3.0845
322625,-32.04,3.0885
322750,-32.018,3.0835
322875,-31.745,3.084
323000,-31.208,3.0965
323125,-30.575,3.088
323250,-30.015,3.087
323375,-29.474,3.0855
323500,-28.797,3.103
323625,-28.092,3.0985
323750,-27.699,3.0985
323875,-27.75,3.103
324000,-28.008,3.1065
324125,-28.029,3.117
324250,-27.437,3.1225
324375,-26.307,3.1145
324500,-25.136,3.1125
324625,-24.282,3.1145
324750,-23.745,3.1105
324875,-23.414,3.108
325000,-23.22,3.109
325125,-23.09,3.109
325250,-22.849,3.1025
325375,-22.317,3.1095
325500,-21.495,3.1035
325625,-20.506,3.112
325750,-19.449,3.107
325875,-18.319,3.101
326000,-17.042,3.0965
326125,-15.732,3.0965
326250,-14.748,3.099
326375,-14.371,3.0955
326500,-14.443,3.0935
326625,-14.388,3.0945
326750,-13.859,3.0945
326875,-13.17,3.0895
327000,-12.726,3.0855
327125,-12.599,3.081
327250,-12.681,3.077
327375,-12.771,3.0735
327500,-12.616,3.0675
327625,-12.106,3.067
327750,-11.376,3.075
327875,-10.721,3.0775
328000,-10.418,3.0765
328125,-10.537,3.0695
328250,-10.877,3.0685
328375,-11.189,3.0695
328500,-11.421,3.0715
328625,-11.621,3.0695
328750,-11.757,3.068
328875,-11.79,3.073
329000,-11.875,3.07
329125,-12.181,3.0735
329250,-12.601,3.071
329375,-12.907,3.072
329500,-12.967,3.0755
329625,-12.804,3.0715
329750,-12.61,3.081
329875,-12.595,3.078
330000,-12.784,3.0795
330125,-12.929,3.0845
330250,-12.749,3.0825
330375,-12.406,3.0885
330500,-12.363,3.081
330625,-12.686,3.0855
330750,-13.037,3.077
330875,-13.141,3.085
331000,-13.048,3.0825
331125,-13.065,3.0815
331250,-13.427,3.083
331375,-14.064,3.0865
331500,-14.703,3.083
331625,-15.139,3.095
331750,-15.393,3.099
331875,-15.59,3.1055
332000,-15.811,3.1035
332125,-16.144,3.118
332250,-16.719,3.151
332375,-17.531,3.176
332500,-18.419,3.17
332625,-19.271,3.2345
332750,-19.968,3.2765
332875,-20.171,3.3105
333000,-19.624,3.427
333125,-18.581,3.5175
333250,-17.845,3.6485
333375,-18.9,3.726
333500,-23.837,3.719
333625,-33.709,3.7695
333750,-46.351,3.761
333875,-57.764,3.755
334000,-65.852,3.799
334125,-70.526,3.8275
334250,-72.425,3.752
334375,-73.34,3.687
334500,-75.194,3.6505
334625,-78.18,3.5705
334750,-81.104,3.516
334875,-82.973,3.417
335000,-83.777,3.3265
335125,-84.135,3.253
335250,-84.486,3.2085
335375,-84.877,3.146
335500,-85.218,3.1155
335625,-85.395,3.0935
335750,-85.431,3.0745
335875,-85.645,3.071
336000,-86.309,3.0685
336125,-87.174,3.067
336250,-87.7,3.069
336375,-87.801,3.0715
336500,-87.975,3.073
336625,-88.602,3.069
336750,-89.51,3.069
336875,-90.33,3.071
337000,-90.919,3.0735
337125,-91.364,3.08
337250,-91.835,3.0825
337375,-92.414,3.084
337500,-93.001,3.084
337625,-93.471,3.0835
337750,-93.902,3.085
337875,-94.474,3.0875
338000,-95.241,3.0855
338125,-96.132,3.091
338250,-97.002,3.0935
338375,-97.758,3.0985
338500,-98.536,3.104
338625,-99.574,3.1045
338750,-100.998,3.1
338875,-102.794,3.1015
339000,-104.668,3.097
339125,-106.05,3.09
339250,-106.572,3.092
339375,-106.364,3.088
339500,-105.885,3.081
339625,-105.594,3.0795
339750,-105.673,3.08
339875,-105.954,3.079
340000,-106.165,3.0745
340125,-106.286,3.077
340250,-106.489,3.072
340375,-106.872,3.0745
340500,-107.359,3.071
340625,-107.755,3.0695
340750,-107.974,3.0695
340875,-108.016,3.0615
341000,-107.795,3.064
341125,-107.352,3.066
341250,-106.951,3.0665
341375,-106.723,3.0685
341500,-106.577,3.071
341625,-106.472,3.0675
341750,-106.442,3.063
341875,-106.446,3.0645
342000,-106.389,3.069
342125,-106.279,3.0745
342250,-106.227,3.0715
342375,-106.26,3.0735
342500,-106.305,3.078
342625,-106.319,3.081
342750,-106.289,3.0805
342875,-106.176,3.08
343000,-105.94,3.078
343125,-105.624,3.0795
343250,-105.371,3.0775
343375,-105.279,3.0805
343500,-105.243,3.095
343625,-105.059,3.0995
343750,-104.693,3.108
343875,-104.238,3.1155
344000,-103.729,3.125
344125,-103.19,3.1295
344250,-102.67,3.134
344375,-102.115,3.126
344500,-101.358,3.122
344625,-100.34,3.1195
344750,-99.214,3.1145
344875,-98.108,3.109
345000,-96.952,3.102
345125,-95.507,3.096
345250,-93.695,3.1035
345375,-91.945,3.107
345500,-90.795,3.1115
345625,-90.217,3.109
345750,-89.767,3.103
345875,-89.145,3.107
346000,-88.382,3.1095
346125,-87.706,3.105
346250,-87.34,3.102
346375,-87.276,3.0995
346500,-87.28,3.1005
346625,-87.195,3.102
346750,-87.033,3.0955
346875,-86.778,3.0945
347000,-86.422,3.0975
347125,-86.099,3.101
347250,-85.929,3.102
347375,-85.864,3.098
347500,-85.713,3.093
347625,-85.27,3.093
347750,-84.599,3.101
347875,-84.084,3.103
348000,-83.956,3.0995
348125,-84.031,3.0945
348250,-84.085,3.0935
348375,-84.151,3.0875
348500,-84.288,3.086
348625,-84.336,3.0845
348750,-84.12,3.0785
348875,-83.733,3.0795
349000,-83.441,3.075
349125,-83.409,3.077
349250,-83.537,3.08
349375,-83.596,3.078
349500,-83.531,3.067
349625,-83.409,3.0635
349750,-83.232,3.057
349875,-83.046,3.0575
350000,-82.976,3.0555
350125,-83.113,3.0635
350250,-83.451,3.0645
350375,-83.852,3.0655
350500,-84.146,3.0615
350625,-84.283,3.06
350750,-84.324,3.0605
350875,-84.333,3.061
351000,-84.34,3.0645
351125,-84.369,3.066
351250,-84.45,3.0675
351375,-84.591,3.0665
351500,-84.755,3.0665
351625,-84.921,3.068
351750,-85.119,3.068
351875,-85.368,3.068
352000,-85.663,3.07
352125,-85.962,3.0665
352250,-86.19,3.0705
352375,-86.341,3.0725
352500,-86.52,3.075
352625,-86.856,3.077
352750,-87.367,3.076
352875,-87.917,3.0765
353000,-88.312,3.0845
353125,-88.408,3.0845
353250,-88.216,3.0935
353375,-87.957,3.104
353500,-87.885,3.101
353625,-88.017,3.091
353750,-88.184,3.0925
353875,-88.259,3.095
354000,-88.234,3.0925
354125,-88.212,3.099
354250,-88.409,3.096
354375,-88.994,3.098
354500,-89.825,3.0925
354625,-90.521,3.096
354750,-90.867,3.097
354875,-90.962,3.0945
355000,-90.958,3.088
355125,-90.861,3.0845
355250,-90.686,3.0845
355375,-90.591,3.0875
355500,-90.753,3.091
355625,-91.192,3.0825
355750,-91.728,3.08
355875,-92.194,3.083
356000,-92.577,3.081
356125,-92.815,3.077
356250,-92.833,3.0745
356375,-92.716,3.0745
356500,-92.528,3.0705
356625,-92.239,3.072
356750,-91.96,3.0695
356875,-91.884,3.066
357000,-92.009,3.0665
357125,-92.139,3.071
357250,-92.09,3.072
357375,-91.772,3.073
357500,-91.209,3.0695
357625,-90.558,3.07
357750,-89.999,3.0685
357875,-89.591,3.065
358000,-89.337,3.067
358125,-89.265,3.0705
358250,-89.342,3.0735
358375,-89.454,3.0745
358500,-89.53,3.072
358625,-89.619,3.07
358750,-89.731,3.071
358875,-89.639,3.0745
359000,-89.082,3.0775
359125,-88.128,3.0775
359250,-87.133,3.077
359375,-86.46,3.0775
359500,-86.278,3.079
359625,-86.439,3.08
359750,-86.587,3.084
359875,-86.4,3.0885
360000,-85.791,3.087
360125,-85.06,3.0915
360250,-84.565,3.0915
360375,-84.232,3.0895
360500,-83.71,3.09
360625,-82.766,3.0895
360750,-81.464,3.092
360875,-80.215,3.091
361000,-79.462,3.0865
361125,-79.21,3.086
361250,-79.194,3.0885
361375,-79.28,3.092
361500,-79.375,3.0915
361625,-79.251,3.0835
361750,-78.779,3.0785
361875,-78.208,3.078
362000,-77.93,3.079
362125,-77.92,3.074
362250,-77.779,3.0735
362375,-77.315,3.077
362500,-76.675,3.0765
362625,-76.01,3.072
362750,-75.355,3.0755
362875,-74.77,3.0735
363000,-74.344,3.07
363125,-74.063,3.068
363250,-73.783,3.0685
363375,-73.436,3.0695
363500,-73.163,3.069
363625,-73.127,3.0675
363750,-73.27,3.065
363875,-73.337,3.0645
364000,-73.147,3.0685
364125,-72.8,3.067
364250,-72.517,3.071
364375,-72.375,3.07
364500,-72.299,3.0705
364625,-72.182,3.069
364750,-71.96,3.0635
364875,-71.656,3.071
365000,-71.333,3.0695
365125,-71.01,3.071
365250,-70.699,3.068
365375,-70.444,3.071
365500,-70.232,3.071
365625,-70.012,3.0695
365750,-69.815,3.0705
365875,-69.733,3.067
366000,-69.745,3.0645
366125,-69.726,3.058
366250,-69.552,3.063
366375,-69.173,3.067
366500,-68.657,3.0725
366625,-68.126,3.077
366750,-67.666,3.077
366875,-67.338,3.0775
367000,-67.137,3.0765
367125,-66.923,3.078
367250,-66.598,3.0825
367375,-66.316,3.079
367500,-66.256,3.082
367625,-66.31,3.083
367750,-66.246,3.0895
367875,-66.048,3.084
368000,-65.908,3.081
368125,-65.86,3.0855
368250,-65.731,3.094
368375,-65.484,3.1005
368500,-65.343,3.0925
368625,-65.439,3.089
368750,-65.549,3.099
368875,-65.332,3.1115
369000,-64.712,3.106
369125,-63.894,3.1
369250,-63.135,3.1
369375,-62.581,3.099
369500,-62.195,3.108
369625,-61.87,3.109
369750,-61.605,3.11
369875,-61.402,3.106
370000,-61.184,3.107
370125,-60.98,3.1055
370250,-60.853,3.11
370375,-60.615,3.1055
370500,-60.101,3.109
370625,-59.658,3.1145
370750,-59.827,3.1085
370875,-60.523,3.1045
371000,-61.111,3.1075
371125,-61.207,3.1085
371250,-60.777,3.115
371375,-59.768,3.115
371500,-58.288,3.119
371625,-56.927,3.119
371750,-56.412,3.117
371875,-56.926,3.119
372000,-57.892,3.1175
372125,-58.495,3.1155
372250,-58.468,3.116
372375,-58.261,3.1165
372500,-58.382,3.1225
372625,-58.789,3.1215
372750,-59.014,3.105
372875,-58.765,3.107
373000,-58.248,3.108
373125,-57.79,3.109
373250,-57.357,3.119
373375,-56.718,3.1095
373500,-55.926,3.1105
373625,-55.298,3.1115
373750,-55.036,3.116
373875,-55.172,3.1195
374000,-55.766,3.1135
374125,-56.791,3.102
374250,-57.908,3.106
374375,-58.682,3.107
374500,-58.931,3.111
374625,-58.648,3.113
374750,-57.985,3.1115
374875,-57.297,3.1145
375000,-56.832,3.1085
375125,-56.594,3.109
375250,-56.499,3.1145
375375,-56.317,3.107
375500,-55.824,3.118
375625,-55.195,3.1145
375750,-54.771,3.109
375875,-54.638,3.113
376000,-54.797,3.108
376125,-55.311,3.1035
376250,-56.034,3.107
376375,-56.543,3.102
376500,-56.546,3.1085
376625,-56.126,3.1185
376750,-55.541,3.114
376875,-54.985,3.1175
377000,-54.466,3.1125
377125,-53.979,3.116
377250,-53.678,3.1165
377375,-53.601,3.1205
377500,-53.507,3.1135
377625,-53.074,3.1165
377750,-52.238,3.115
377875,-51.405,3.1155
378000,-51.06,3.111
378125,-51.211,3.117
378250,-51.474,3.1115
378375,-51.602,3.106
378500,-51.611,3.1095
378625,-51.515,3.107
378750,-51.283,3.124
378875,-51.01,3.1225
379000,-50.856,3.118
379125,-50.82,3.1135
379250,-50.678,3.1195
379375,-50.269,3.117
379500,-49.779,3.123
379625,-49.452,3.12
379750,-49.246,3.1105
379875,-48.939,3.118
380000,-48.387,3.115
380125,-47.643,3.1105
380250,-46.843,3.116
380375,-46.082,3.115
380500,-45.503,3.1095
380625,-45.329,3.102
380750,-45.573,3.1055
380875,-45.848,3.098
381000,-45.653,3.109
381125,-44.827,3.1045
381250,-43.831,3.11
381375,-43.37,3.0955
381500,-43.582,3.096
381625,-43.975,3.093
381750,-44.13,3.093
381875,-44.093,3.0935
382000,-44.069,3.094
382125,-44.111,3.092
382250,-44.174,3.0835
382375,-44.155,3.083
382500,-43.959,3.091
382625,-43.678,3.0875
382750,-43.438,3.087
382875,-43.237,3.083
383000,-43.162,3.087
383125,-43.364,3.0995
383250,-43.709,3.094
383375,-43.868,3.092
383500,-43.742,3.101
383625,-43.583,3.0935
383750,-43.688,3.096
383875,-44.034,3.096
384000,-44.289,3.0985
384125,-44.13,3.0955
384250,-43.602,3.0905
384375,-43.055,3.0945
384500,-42.637,3.0885
384625,-42.294,3.0905
384750,-42.189,3.0995
384875,-42.433,3.1045
385000,-42.76,3.0915
385125,-42.869,3.0945
385250,-42.687,3.108
385375,-42.357,3.1045
385500,-42.127,3.103
385625,-41.942,3.1015
385750,-41.405,3.1135
385875,-40.485,3.109
386000,-39.725,3.119
386125,-39.547,3.1115
386250,-39.837,3.105
386375,-40.206,3.128
386500,-40.388,3.114
386625,-40.383,3.124
386750,-40.281,3.116
386875,-40.071,3.116
387000,-39.706,3.118
387125,-39.256,3.1265
387250,-38.868,3.1155
387375,-38.709,3.119
387500,-38.988,3.129
387625,-39.651,3.133
387750,-40.183,3.137
387875,-40.256,3.1245
388000,-40.273,3.132
388125,-40.769,3.1335
388250,-41.617,3.13
388375,-42.171,3.1325
388500,-42.103,3.135
388625,-41.801,3.1305
388750,-41.773,3.129
388875,-42,3.1315
389000,-42.098,3.128
389125,-41.85,3.1375
389250,-41.376,3.122
389375,-40.972,3.115
389500,-40.912,3.1195
389625,-41.204,3.128
389750,-41.509,3.1095
389875,-41.568,3.108
390000,-41.577,3.1135
390125,-41.697,3.11
390250,-41.648,3.1015
390375,-41.23,3.1035
390500,-40.678,3.105
390625,-40.35,3.103
390750,-40.341,3.095
390875,-40.486,3.094
391000,-40.643,3.097
391125,-40.803,3.1
391250,-40.991,3.088
391375,-41.176,3.096
391500,-41.236,3.0855
391625,-41.127,3.0875
391750,-40.969,3.0885
391875,-40.868,3.085
392000,-40.812,3.0725
392125,-40.746,3.0775
392250,-40.649,3.09
392375,-40.51,3.08
392500,-40.26,3.0795
392625,-39.865,3.0835
392750,-39.447,3.0825
392875,-39.199,3.089
393000,-39.236,3.077
393125,-39.42,3.0795
393250,-39.416,3.0795
393375,-39.02,3.0775
393500,-38.258,3.0835
393625,-37.341,3.086
393750,-36.609,3.079
393875,-36.299,3.0735
394000,-36.342,3.0755
394125,-36.413,3.074
394250,-36.225,3.078
394375,-35.773,3.0815
394500,-35.316,3.078
394625,-35.078,3.0855
394750,-34.985,3.0725
394875,-34.85,3.072
395000,-34.642,3.0725
395125,-34.372,3.082
395250,-33.99,3.0745
395375,-33.492,3.076
395500,-32.964,3.078
395625,-32.54,3.0795
395750,-32.328,3.0745
395875,-32.333,3.075
396000,-32.388,3.079
396125,-32.281,3.0865
396250,-32.089,3.0885
396375,-32.068,3.0845
396500,-32.229,3.079
396625,-32.362,3.0925
396750,-32.296,3.0825
396875,-32.008,3.0795
397000,-31.596,3.0835
397125,-31.155,3.088
397250,-30.689,3.0865
397375,-30.139,3.096
397500,-29.538,3.0905
397625,-29.027,3.1005
397750,-28.697,3.0935
397875,-28.536,3.0995
398000,-28.452,3.1055
398125,-28.264,3.106
398250,-27.801,3.105
398375,-26.995,3.1115
398500,-25.868,3.1095
398625,-24.557,3.112
398750,-23.336,3.112
398875,-22.466,3.108
399000,-21.866,3.112
399125,-21.226,3.1125
399250,-20.585,3.114
399375,-20.29,3.114
399500,-20.437,3.119
399625,-20.83,3.1205
399750,-21.083,3.118
399875,-20.713,3.104
400000,-19.722,3.112
400125,-18.774,3.1165
400250,-18.236,3.114
400375,-17.766,3.1075
400500,-17.125,3.1115
400625,-16.491,3.121
400750,-16.052,3.113
400875,-15.857,3.105
401000,-15.842,3.1125
401125,-15.802,3.112
401250,-15.488,3.113
401375,-14.833,3.1045
401500,-13.987,3.099
401625,-12.999,3.102
401750,-11.826,3.1025
401875,-10.632,3.0995
402000,-9.573,3.0955
402125,-8.633,3.095
402250,-7.976,3.0985
402375,-7.861,3.0845
402500,-8.179,3.083
402625,-8.562,3.086
402750,-8.776,3.082
402875,-8.744,3.0875
403000,-8.381,3.0885
403125,-7.71,3.0795
403250,-7.012,3.0825
403375,-6.677,3.079
403500,-6.771,3.0775
403625,-6.921,3.075
403750,-6.844,3.0765
403875,-6.681,3.079
404000,-6.63,3.0725
404125,-6.652,3.077
404250,-6.659,3.082
404375,-6.663,3.0765
404500,-6.673,3.071
404625,-6.67,3.0715
404750,-6.693,3.0775
404875,-6.752,3.083
405000,-6.796,3.0795
405125,-6.778,3.068
405250,-6.654,3.0695
405375,-6.396,3.0695
405500,-6.11,3.077
405625,-6.024,3.0805
405750,-6.274,3.0725
405875,-6.811,3.0815
406000,-7.461,3.077
406125,-7.988,3.0785
406250,-8.368,3.081
406375,-8.891,3.075
406500,-9.606,3.0755
406625,-10.053,3.075
406750,-9.973,3.071
406875,-9.737,3.0745
407000,-9.823,3.0765
407125,-10.261,3.0765
407250,-10.721,3.0765
407375,-10.916,3.0785
407500,-10.853,3.081
407625,-10.785,3.086
407750,-10.898,3.078
407875,-11.091,3.076
408000,-11.205,3.0765
408125,-11.285,3.076
408250,-11.51,3.0735
408375,-11.902,3.0795
408500,-12.282,3.079
408625,-12.583,3.0785
408750,-12.932,3.0725
408875,-13.408,3.073
409000,-13.986,3.066
409125,-14.545,3.071
409250,-14.877,3.072
409375,-14.875,3.073
409500,-14.647,3.07
409625,-14.367,3.0695
409750,-14.127,3.068
409875,-13.963,3.0665
410000,-13.899,3.0675
410125,-13.921,3.0665
410250,-13.976,3.0735
410375,-14.004,3.0715
410500,-14.029,3.0675
410625,-14.113,3.0635
410750,-14.231,3.066
410875,-14.335,3.0715
411000,-14.45,3.0705
411125,-14.625,3.0745
411250,-14.871,3.071
411375,-15.178,3.0675
411500,-15.538,3.069
411625,-15.941,3.0665
411750,-16.369,3.0695
411875,-16.724,3.0665
412000,-16.878,3.066
412125,-16.883,3.0685
412250,-16.983,3.073
412375,-17.411,3.072
412500,-18.113,3.068
412625,-18.749,3.0675
412750,-19.15,3.069
412875,-19.514,3.072
413000,-19.99,3.0735
413125,-20.401,3.079
413250,-20.498,3.0785
413375,-20.223,3.0785
413500,-19.74,3.0745
413625,-19.373,3.073
413750,-19.341,3.073
413875,-19.563,3.0695
414000,-19.782,3.072
414125,-19.796,3.0725
414250,-19.586,3.0695
414375,-19.266,3.066
414500,-18.975,3.0695
414625,-18.885,3.068
414750,-19.054,3.0685
414875,-19.315,3.0715
415000,-19.539,3.072
415125,-19.73,3.072
415250,-19.841,3.0665
415375,-19.793,3.0645
415500,-19.56,3.0665
415625,-19.151,3.0645
415750,-18.717,3.0655
415875,-18.509,3.0675
416000,-18.591,3.0665
416125,-18.831,3.067
416250,-19.135,3.0685
416375,-19.548,3.069
416500,-20.143,3.07
416625,-20.845,3.071
416750,-21.414,3.0715
416875,-21.712,3.069
417000,-21.812,3.069
417125,-21.846,3.0695
417250,-21.913,3.074
417375,-22.109,3.072
417500,-22.5,3.071
417625,-23.044,3.0625
417750,-23.648,3.0615
417875,-24.207,3.0685
418000,-24.556,3.074
418125,-24.6,3.0745
418250,-24.518,3.0715
418375,-24.571,3.0745
418500,-24.754,3.072
418625,-24.945,3.0775
418750,-25.191,3.081
418875,-25.52,3.0825
419000,-25.848,3.0835
419125,-26.227,3.0865
419250,-26.736,3.0875
419375,-27.312,3.087
419500,-27.88,3.085
419625,-28.417,3.084
419750,-28.927,3.0865
419875,-29.485,3.0865
420000,-30.153,3.08
420125,-30.912,3.08
420250,-31.668,3.0865
420375,-32.277,3.088
420500,-32.652,3.0845
420625,-32.819,3.084
420750,-32.816,3.086
420875,-32.647,3.091
421000,-32.454,3.095
421125,-32.507,3.094
421250,-32.971,3.0905
421375,-33.789,3.0915
421500,-34.709,3.0905
421625,-35.443,3.0925
421750,-35.936,3.0945
421875,-36.315,3.094
422000,-36.628,3.089
422125,-36.844,3.0895
422250,-36.971,3.087
422375,-37.06,3.096
422500,-37.259,3.1035
422625,-37.753,3.102
422750,-38.523,3.0975
422875,-39.349,3.099
423000,-40.068,3.097
423125,-40.687,3.1
423250,-41.34,3.105
423375,-42.242,3.111
423500,-43.426,3.121
423625,-44.614,3.1075
423750,-45.622,3.109
423875,-46.569,3.114
424000,-47.57,3.1125
424125,-48.516,3.098
424250,-49.202,3.097
424375,-49.549,3.0935
424500,-49.675,3.081
424625,-49.772,3.0875
424750,-49.912,3.1
424875,-50.074,3.088
425000,-50.386,3.0925
425125,-51.017,3.094
425250,-51.778,3.093
425375,-52.208,3.0915
425500,-52.164,3.096
425625,-51.939,3.101
425750,-51.725,3.1005
425875,-51.489,3.1085
426000,-51.389,3.1235
426125,-51.671,3.132
426250,-52.211,3.1565
426375,-52.686,3.1595
426500,-52.95,3.1775
426625,-52.989,3.179
426750,-52.859,3.208
426875,-52.737,3.236
427000,-52.71,3.2645
427125,-52.6,3.2925
427250,-52.261,3.2885
427375,-51.813,3.288
427500,-51.412,3.332
427625,-51.029,3.3845
427750,-50.686,3.388
427875,-50.789,3.409
428000,-51.708,3.417
428125,-52.972,3.397
428250,-53.665,3.4205
428375,-53.637,3.4675
428500,-53.451,3.4625
428625,-53.348,3.5075
428750,-53.053,3.53
428875,-52.571,3.557
429000,-52.537,3.583
429125,-54.212,3.597
429250,-59.887,3.5905
429375,-71.098,3.6295
429500,-84.99,3.645
429625,-95.974,3.6345
429750,-101.796,3.635
429875,-104.36,3.648
430000,-105.686,3.626
430125,-106.14,3.599
430250,-105.738,3.5575
430375,-105.103,3.5125
430500,-104.975,3.4905
430625,-105.597,3.4695
430750,-106.666,3.4315
430875,-107.652,3.4175
431000,-108.23,3.3885
431125,-108.498,3.3495
431250,-108.725,3.3085
431375,-109.025,3.287
431500,-109.385,3.264
431625,-109.85,3.235
431750,-110.476,3.1985
431875,-111.181,3.1605
432000,-111.775,3.1405
432125,-112.139,3.129
432250,-112.325,3.115
432375,-112.484,3.1045
432500,-112.749,3.096
432625,-113.163,3.1035
432750,-113.706,3.089
432875,-114.326,3.079
433000,-114.924,3.072
433125,-115.387,3.068
433250,-115.661,3.0645
433375,-115.761,3.0625
433500,-115.752,3.0605
433625,-115.734,3.0595
433750,-115.814,3.0595
433875,-116.004,3.0595
434000,-116.189,3.059
434125,-116.291,3.0585
434250,-116.325,3.0575
434375,-116.332,3.056
434500,-116.333,3.055
434625,-116.333,3.0535
434750,-116.333,3.0525
434875,-116.333,3.054
435000,-116.333,3.0535
435125,-116.333,3.053
435250,-116.333,3.0535
435375,-116.333,3.0545
435500,-116.333,3.0535
435625,-116.333,3.053
435750,-116.332,3.053
435875,-116.325,3.053
436000,-116.29,3.0535
436125,-116.182,3.053
436250,-115.968,3.0535
436375,-115.699,3.053
436500,-115.484,3.053
436625,-115.368,3.054
436750,-115.298,3.0545
436875,-115.182,3.0545
437000,-114.96,3.055
437125,-114.656,3.055
437250,-114.334,3.055
437375,-114.018,3.0555
437500,-113.742,3.0555
437625,-113.594,3.055
437750,-113.591,3.0555
437875,-113.61,3.056
438000,-113.548,3.0565
438125,-113.434,3.057
438250,-113.325,3.0575
438375,-113.188,3.0585
438500,-112.961,3.0595
438625,-112.656,3.061
438750,-112.333,3.061
438875,-112.01,3.0605
439000,-111.699,3.061
439125,-111.443,3.0625
439250,-111.225,3.063
439375,-110.976,3.062
439500,-110.699,3.062
439625,-110.477,3.0615
439750,-110.333,3.061
439875,-110.189,3.0605
440000,-109.961,3.06
440125,-109.655,3.0595
440250,-109.326,3.059
440375,-108.975,3.0585
440500,-108.591,3.0585
440625,-108.229,3.0595
440750,-107.964,3.059
440875,-107.804,3.0595
441000,-107.742,3.0595
441125,-107.807,3.0585
441250,-107.961,3.0585
441375,-108.037,3.057
441500,-107.917,3.057
441625,-107.639,3.056
441750,-107.282,3.0555
441875,-106.825,3.0545
442000,-106.233,3.055
442125,-105.637,3.054
442250,-105.259,3.054
442375,-105.17,3.054
442500,-105.234,3.053
442625,-105.3,3.053
442750,-105.326,3.053
442875,-105.332,3.0535
443000,-105.333,3.0535
443125,-105.333,3.0535
443250,-105.334,3.053
443375,-105.341,3.0535
443500,-105.376,3.054
443625,-105.485,3.0545
443750,-105.699,3.054
443875,-105.968,3.055
444000,-106.183,3.055
444125,-106.299,3.0545
444250,-106.368,3.054
444375,-106.484,3.0545
444500,-106.699,3.054
444625,-106.969,3.0525
444750,-107.19,3.0525
444875,-107.332,3.0515
445000,-107.469,3.053
445125,-107.663,3.054
445250,-107.859,3.0545
445375,-107.968,3.055
445500,-108.022,3.0555
445625,-108.111,3.056
445750,-108.224,3.056
445875,-108.298,3.0555
446000,-108.326,3.0545
446125,-108.333,3.0555
446250,-108.341,3.0555
446375,-108.377,3.055
446500,-108.493,3.0555
446625,-108.742,3.0545
446750,-109.119,3.054
446875,-109.548,3.055
447000,-109.925,3.055
447125,-110.174,3.055
447250,-110.29,3.0555
447375,-110.333,3.055
447500,-110.375,3.0545
447625,-110.485,3.0555
447750,-110.7,3.055
447875,-110.976,3.055
448000,-111.225,3.055
448125,-111.442,3.055
448250,-111.691,3.0545
448375,-111.967,3.055
448500,-112.182,3.055
448625,-112.29,3.0555
448750,-112.325,3.0555
448875,-112.333,3.056
449000,-112.341,3.056
449125,-112.376,3.0565
449250,-112.485,3.0565
449375,-112.699,3.057
449500,-112.969,3.058
449625,-113.191,3.058
449750,-113.341,3.0595
449875,-113.519,3.0605
450000,-113.849,3.061
450125,-114.333,3.061
450250,-114.816,3.0605
450375,-115.138,3.0595
450500,-115.274,3.0595
450625,-115.282,3.0585
450750,-115.189,3.059
450875,-115.012,3.0595
451000,-114.858,3.06
451125,-114.893,3.06
451250,-115.162,3.06
451375,-115.555,3.06
451500,-115.918,3.06
451625,-116.13,3.0605
451750,-116.131,3.061
451875,-115.926,3.061
452000,-115.597,3.061
452125,-115.306,3.062
452250,-115.224,3.0615
452375,-115.383,3.0605
452500,-115.638,3.0585
452625,-115.836,3.0575
452750,-115.918,3.058
452875,-115.85,3.0585
453000,-115.663,3.058
453125,-115.477,3.0585
453250,-115.376,3.057
453375,-115.347,3.0565
453500,-115.36,3.057
453625,-115.391,3.057
453750,-115.354,3.0565
453875,-115.086,3.0575
454000,-114.548,3.057
454125,-113.958,3.0585
454250,-113.561,3.06
454375,-113.384,3.0595
454500,-113.309,3.0585
454625,-113.233,3.0575
454750,-113.155,3.055
454875,-113.179,3.054
455000,-113.359,3.054
455125,-113.555,3.056
455250,-113.565,3.057
455375,-113.358,3.06
455500,-113.183,3.0615
455625,-113.396,3.063
455750,-113.938,3.0655
455875,-114.224,3.0665
456000,-113.86,3.066
456125,-113.122,3.0655
456250,-112.525,3.066
456375,-112.194,3.066
456500,-111.915,3.066
456625,-111.551,3.0665
456750,-111.152,3.068
456875,-110.842,3.0695
457000,-110.664,3.0715
457125,-110.496,3.071
457250,-110.197,3.07
457375,-109.842,3.0665
457500,-109.619,3.067
457625,-109.546,3.0685
457750,-109.409,3.071
457875,-108.988,3.071
458000,-108.282,3.0705
458125,-107.469,3.074
458250,-106.714,3.0735
458375,-106.062,3.0745
458500,-105.529,3.0745
458625,-105.182,3.072
458750,-105.011,3.071
458875,-104.86,3.0695
459000,-104.622,3.066
459125,-104.326,3.0635
459250,-104.01,3.0625
459375,-103.707,3.062
459500,-103.485,3.0625
459625,-103.369,3.065
459750,-103.306,3.0655
459875,-103.218,3.066
460000,-103.076,3.065
460125,-102.913,3.065
460250,-102.753,3.0625
460375,-102.582,3.0635
460500,-102.407,3.064
460625,-102.217,3.063
460750,-101.967,3.064
460875,-101.657,3.063
461000,-101.333,3.067
461125,-101.01,3.0695
461250,-100.699,3.069
461375,-100.444,3.0665
461500,-100.232,3.067
461625,-100.01,3.068
461750,-99.799,3.0685
461875,-99.648,3.069
462000,-99.451,3.073
462125,-99.038,3.077
462250,-98.434,3.084
462375,-97.834,3.088
462500,-97.34,3.0855
462625,-96.868,3.0855
462750,-96.342,3.0855
462875,-95.847,3.0895
463000,-95.497,3.092
463125,-95.23,3.098
463250,-94.83,3.1025
463375,-94.21,3.1035
463500,-93.642,3.106
463625,-93.454,3.104
463750,-93.562,3.1005
463875,-93.614,3.096
464000,-93.347,3.094
464125,-92.671,3.089
464250,-91.741,3.0905
464375,-90.933,3.0905
464500,-90.535,3.09
464625,-90.501,3.0915
464750,-90.581,3.0865
464875,-90.543,3.082
465000,-90.217,3.085
465125,-89.678,3.087
465250,-89.293,3.0865
465375,-89.236,3.092
465500,-89.303,3.086
465625,-89.354,3.086
465750,-89.46,3.084
465875,-89.587,3.085
466000,-89.555,3.081
466125,-89.264,3.0815
466250,-88.827,3.0735
466375,-88.477,3.0745
466500,-88.259,3.075
466625,-88.075,3.082
466750,-88.05,3.078
466875,-88.371,3.083
467000,-88.854,3.082
467125,-89.118,3.079
467250,-89.038,3.0775
467375,-88.758,3.084
467500,-88.481,3.0865
467625,-88.418,3.09
467750,-88.648,3.086
467875,-88.958,3.0915
468000,-89.076,3.083
468125,-88.939,3.09
468250,-88.659,3.094
468375,-88.359,3.094
468500,-88.09,3.0895
468625,-87.899,3.095
468750,-87.908,3.1075
468875,-88.13,3.1015
469000,-88.247,3.1045
469125,-88.036,3.105
469250,-87.777,3.1115
469375,-87.658,3.112
469500,-87.425,3.118
469625,-86.894,3.113
469750,-86.207,3.127
469875,-85.653,3.1205
470000,-85.34,3.124
470125,-85.05,3.133
470250,-84.568,3.1255
470375,-83.984,3.1365
470500,-83.501,3.136
470625,-83.229,3.137
470750,-83.084,3.1395
470875,-82.781,3.1345
471000,-82.17,3.1445
471125,-81.478,3.1445
471250,-81.101,3.1345
471375,-81.155,3.1305
471500,-81.312,3.1375
471625,-81.196,3.128
471750,-80.784,3.145
471875,-80.332,3.1485
472000,-79.971,3.1415
472125,-79.501,3.145
472250,-78.886,3.135
472375,-78.538,3.1345
472500,-78.667,3.137
472625,-79.008,3.131
472750,-79.301,3.133
472875,-79.432,3.142
473000,-79.346,3.138
473125,-79.036,3.1475
473250,-78.464,3.159
473375,-77.674,3.1385
473500,-76.921,3.1435
473625,-76.63,3.154
473750,-77.081,3.148
473875,-77.852,3.1295
474000,-78.201,3.1315
474125,-77.979,3.1445
474250,-77.423,3.1445
474375,-76.675,3.1425
474500,-75.962,3.1335
474625,-75.56,3.139
474750,-75.364,3.139
474875,-74.99,3.136
475000,-74.367,3.1415
475125,-73.84,3.145
475250,-73.684,3.1365
475375,-73.879,3.139
475500,-74.273,3.1545
475625,-74.648,3.155
475750,-74.62,3.1515
475875,-73.925,3.1545
476000,-72.873,3.152
476125,-72.03,3.153
476250,-71.662,3.1595
476375,-71.632,3.1465
476500,-71.591,3.1745
476625,-71.357,3.166
476750,-70.923,3.1765
476875,-70.13,3.1885
477000,-68.897,3.1655
477125,-67.509,3.202
477250,-66.352,3.2045
477375,-65.51,3.2045
477500,-64.756,3.188
477625,-63.834,3.212
477750,-62.716,3.2155
477875,-61.788,3.22
478000,-61.501,3.2455
478125,-61.704,3.2265
478250,-61.816,3.237
478375,-61.424,3.2185
478500,-60.487,3.228
478625,-59.23,3.256
478750,-57.749,3.257
478875,-55.859,3.234
479000,-53.888,3.2545
479125,-52.87,3.239
479250,-53.12,3.2745
479375,-53.738,3.2285
479500,-53.796,3.2455
479625,-52.988,3.237
479750,-51.438,3.249
479875,-49.469,3.2615
480000,-47.505,3.2445
480125,-46.003,3.2665
480250,-44.977,3.2505
480375,-44.109,3.264
480500,-43.495,3.248
480625,-43.206,3.2475
480750,-42.776,3.2555
480875,-41.749,3.2435
481000,-39.957,3.2435
481125,-37.653,3.2435
481250,-35.677,3.252
481375,-34.827,3.2365
481500,-35.104,3.255
481625,-35.746,3.2515
481750,-35.873,3.2595
481875,-35.362,3.261
482000,-34.843,3.2395
482125,-34.571,3.2285
482250,-34.104,3.234
482375,-33.105,3.202
482500,-31.595,3.227
482625,-29.864,3.222
482750,-28.376,3.2175
482875,-27.556,3.221
483000,-27.541,3.215
483125,-27.657,3.2145
483250,-26.862,3.2085
483375,-25.285,3.2085
483500,-24.157,3.184
483625,-24.072,3.207
483750,-24.412,3.197
483875,-24.451,3.1855
484000,-24.109,3.1795
484125,-23.517,3.176
484250,-22.616,3.1675
484375,-21.529,3.1685
484500,-20.621,3.1645
484625,-20.043,3.165
484750,-19.648,3.1925
484875,-19.307,3.165
485000,-19.071,3.1655
485125,-19.242,3.181
485250,-20.011,3.188
485375,-20.905,3.184
485500,-21.304,3.186
485625,-21.134,3.1655
485750,-20.687,3.191
485875,-20.434,3.176
486000,-20.817,3.1725
486125,-21.913,3.1775
486250,-23.351,3.1835
486375,-24.576,3.173
486500,-25.357,3.161
486625,-25.911,3.168
486750,-26.642,3.168
486875,-27.871,3.174
487000,-29.27,3.181
487125,-30.074,3.174
487250,-30.232,3.16
487375,-30.288,3.1725
487500,-30.565,3.1645
487625,-31.229,3.1555
487750,-32.257,3.1575
487875,-33.179,3.1625
488000,-33.621,3.166
488125,-33.897,3.1605
488250,-34.503,3.1465
488375,-35.438,3.1505
488500,-36.336,3.156
488625,-36.966,3.1555
488750,-37.344,3.158
488875,-37.448,3.1535
489000,-37.218,3.143
489125,-36.943,3.14
489250,-37.092,3.129
489375,-37.657,3.132
489500,-38.245,3.1445
489625,-38.754,3.1285
489750,-39.354,3.1315
489875,-39.933,3.143
490000,-40.13,3.139
490125,-39.906,3.139
490250,-39.664,3.129
490375,-39.76,3.1115
490500,-40.133,3.1125
490625,-40.435,3.112
490750,-40.417,3.106
490875,-40.146,3.103
491000,-39.944,3.102
491125,-40.051,3.1155
491250,-40.355,3.099
491375,-40.624,3.1015
491500,-40.855,3.095
491625,-41.195,3.0955
491750,-41.558,3.105
491875,-41.627,3.1
492000,-41.387,3.097