date, pm25, pm10, o3, no2, so2, co
25/03/2023,43,19,31,20, , 
24/03/2023,47,21,34,15, ,1
23/03/2023,56,21,32,18, ,1
22/03/2023,42,27,36,17,1, 
21/03/2023,44,19,35,16,2, 
20/03/2023,34,20,33,17,1, 
19/03/2023,22,16,26,11,1,1
18/03/2023,49,10,29,12,1,1
17/03/2023,46,17,27,21,1,2
16/03/2023,41,19,23,22,1,2
15/03/2023,34,18,19,18,1,2
14/03/2023,40,11,13,14,1,2
13/03/2023,48,12,26,14,2,1
12/03/2023,48,24,32,9,2, 
11/03/2023,43,18,28,10,1, 
10/03/2023,32,17,28,17,1,1
09/03/2023,51,12,24,17,1,1
08/03/2023,52,14,21,24,2,2
07/03/2023,43,9,19,13,2,1
06/03/2023,55,11,15,17,1,1
05/03/2023,64,21,8,22,1,1
04/03/2023,41,29,22,19,1,1
03/03/2023,47,25,28,21, , 
02/03/2023,60,30,27,22, , 
01/03/2023,35,33,22,22,1,1
28/02/2023,41,23,23,21,1,1
27/02/2023,39,25,24,19, , 
26/02/2023,36,28,23,21, , 
25/02/2023,45,23,26,16, , 
24/02/2023,55,27,25,16, , 
23/02/2023,45,38,22,26,1,2
22/02/2023,67,28,22,19,1, 
21/02/2023,50,27,12,16,2,1
20/02/2023,38,32,17,16,1, 
19/02/2023,45,22,25,16,1, 
18/02/2023,33,25,22,15,1,1
17/02/2023,35,23,27,13,1,1
16/02/2023,54,20,23,20,1,1
15/02/2023,117,21,22,22,1,1
14/02/2023,109,54,24,31,2,3
13/02/2023,80,53,8,37,3,5
12/02/2023,52,40,16,22,1,2
11/02/2023,55,29,20,19, ,1
10/02/2023,80,38,20,23,1,2
09/02/2023,86,45,18,32,2,5
08/02/2023,102,51,10,28,1,3
07/02/2023,98,45,9,39,4,6
06/02/2023,65,51,9,35,2,5
05/02/2023,54,48,12,33,1,5
04/02/2023,60,35,21,19, ,2
03/02/2023,50,39,21,26, ,3
02/02/2023,51,30,24,23, ,3
01/02/2023,60,30,26,26,1,3
31/01/2023,58,36,23,22,1,3
30/01/2023,51,34,18,26,2,3
29/01/2023,58,37,19,20,1,4
28/01/2023,59,23,22,19, ,4
27/01/2023,42,50,18,24, ,4
26/01/2023,45,32,21,16, ,4
25/01/2023,90,21,21,15, ,4
24/01/2023,66,38,13,32,2,7
23/01/2023,89,40,16,24, ,5
22/01/2023,115,53,7,42,3,13
21/01/2023,83,49,8,36,2,12
20/01/2023,49,41,10,29, ,6
19/01/2023,63,26,13,32, ,4
18/01/2023,66,24,9,36,1,6
17/01/2023,77,26,10,33,2,4
16/01/2023,37,36,1,37,3,5
15/01/2023,16,16,20,20,2,2
14/01/2023,18,6,26,16,4,2
13/01/2023,34,7,25,13,1,2
12/01/2023,25,17,29,24,1,3
11/01/2023,39,17,29,10,1,2
10/01/2023,36,20,50,24,1,2
09/01/2023,46,17,26,20,1,1
08/01/2023,38,16,23,23,2,4
07/01/2023,29,15,28,15,2,4
06/01/2023,13,13,30,12,1,3
05/01/2023,30,8,25,19,1,3
04/01/2023,37,16,23,16,1,3
03/01/2023,36,18,27,9,1,1
02/01/2023,48,13,28,18,1,3
01/01/2023,50,20,20,21,1,4
31/12/2022,40,22,28,12,1,3
30/12/2022,31,17,27,8,1,2
29/12/2022,35,14,22,11,1,2
28/12/2022,20,18,28,10,1,2
27/12/2022,20,10,30,8,1,1
26/12/2022,35,14,27,14,1,2
25/12/2022,22,15,25,14,1,2
24/12/2022,39,11,25,12,1, 
23/12/2022,36,21,20,9,1,1
22/12/2022,51,15,20,19,2,1
21/12/2022,49,18,16,22,2,2
20/12/2022,35,21,18,24,2,2
19/12/2022,44,13,21,22,2,1
18/12/2022,71,13,18,12,1, 
17/12/2022,102,25,12,19,1,1
16/12/2022,83,40,8,34,2,4
15/12/2022,71,44,7,35,3,4
14/12/2022,77,29,9,33,2,2
13/12/2022,77,30,11,28,1,1
12/12/2022,70,30,5,29,2,2
11/12/2022,112,24,10,22,1,10
10/12/2022,107,40,5,28,3,19
09/12/2022,95,42,8,31,3,15
08/12/2022,79,44,6,31,2,12
07/12/2022,50,35,6,33,2,18
06/12/2022,40,16,15,17,1,15
05/12/2022,49,10,13,11, ,7
04/12/2022,65,12,10,9,1,7
03/12/2022,57,16,15,7,1,7
02/12/2022,62,13,19,7, ,7
01/12/2022,74,17,14,11,1,7
30/11/2022,76,33,12,18,1,8
29/11/2022,73,36,17,24,1,7
28/11/2022,58,32,18,21,1,7
27/11/2022,41,28,17,30,2,6
26/11/2022,49,16,21,19,1,7
25/11/2022,54,22,21,19, ,6
24/11/2022,51,31,22,24,1,7
23/11/2022,44,24,26,23,1,6
22/11/2022,40,20,24,25,2,6
21/11/2022,39,21,23,24,2,7
20/11/2022,52,18,20,21,1,5
19/11/2022,61,20,20,19,1,6
18/11/2022,42,23,16,19,1,6
17/11/2022,45,24,23,22,2,6
16/11/2022,31,23,20,23,2,6
15/11/2022,34,12,24,23,1,4
14/11/2022,74,18,24,22,2,2
13/11/2022,64,36,22,23,15,4
12/11/2022,54,25,10,17,26,3
11/11/2022,42,19,12,21,15,2
10/11/2022,44,15,25,20,4,2
09/11/2022,41,19,25,19, ,2
08/11/2022,40,14,22,21,1,2
07/11/2022,48,18,28,17,1,1
06/11/2022,41,19,30,18,1,2
05/11/2022,56,14,23,15, , 
04/11/2022,66,19,19,20, ,1
03/11/2022,44,26,12,26, ,3
02/11/2022,41,17,26,26,14,4
01/11/2022,34,18,24,15, ,3
31/10/2022,33,16,27,14, ,2
30/10/2022,29,14,28,7, ,2
29/10/2022,45,12,22,3, ,2
28/10/2022,38,21,22,8, ,2
27/10/2022,38,18,26,6, ,2
26/10/2022,49,15,19,8, ,3
25/10/2022,40,24,26,20,1,2
24/10/2022,46,19,19,21,1,2
23/10/2022,45,21,28,20,1, 
22/10/2022,45,19,27,19,1,1
21/10/2022,53,20,22,20,1,1
20/10/2022,70,19,24,15,1,1
19/10/2022,53,22,13,20,1,2
18/10/2022,54,20,15,12, ,2
17/10/2022,51,27,16,26, ,4
16/10/2022,41,25,24,25, ,2
15/10/2022,23,21,24,17,1,2
14/10/2022,44,9,25,4,1,2
13/10/2022,59,17,20,13,1,3
12/10/2022,54,28,14,30,1,3
11/10/2022,45,22,18,25,1,5
10/10/2022,38,21,8,30,1,6
09/10/2022,33,13,16,27, ,3
08/10/2022,33,15,19,23, ,4
07/10/2022,29,16,11,19, ,5
06/10/2022,41,16,15,21, ,3
05/10/2022,44,23,18,25,1,3
04/10/2022,47,23,24,18, ,1
03/10/2022,75,17,23,23, ,1
02/10/2022,119,28,21,31,1,4
01/10/2022,82,45,21,19, ,2
30/09/2022,71,33,21,17, ,3
29/09/2022,67,25,20,24, ,3
28/09/2022,43,25,17,29,1,4
27/09/2022,39,22,15,17,1,2
26/09/2022,55,19,19,15, ,2
25/09/2022,51,32,20,15, ,1
24/09/2022,54,18,25,11, ,1
23/09/2022,44,23,21,13, , 
22/09/2022,63,19,17,8, , 
21/09/2022,67,23,28,11, ,1
20/09/2022,53,27,21,15,1,2
19/09/2022,30,29,21,18, , 
18/09/2022,28,20,21,13, , 
17/09/2022,42,13,16,12, , 
16/09/2022,31,15,16,17, ,1
15/09/2022,41,8,17,6, , 
14/09/2022,43,15,21,9, ,1
13/09/2022,44,10,18,9, ,2
12/09/2022,45,11,13,9, ,2
11/09/2022,50,12,29,12, ,2
10/09/2022,46,19,30,9, ,2
09/09/2022,44,21,22,17, ,2
08/09/2022,40,12,19,20,1,2
07/09/2022,40,10,18,20,1,3
06/09/2022,43,10,22,12,1,3
05/09/2022,45,18,23,13, ,2
04/09/2022,52,22,18,23, ,3
03/09/2022,60,19,25,15, ,2
02/09/2022,52,20,36,22, ,2
01/09/2022,48,26,28,27, ,2
31/08/2022,38,15,32,15, ,1
30/08/2022,31,19,30,10, ,1
29/08/2022,22,10,24,7, ,1
28/08/2022,24,12,22,6, , 
27/08/2022,45,19,23,9, , 
26/08/2022,42,23,29,17, , 
25/08/2022,42,20,25,16, , 
24/08/2022,36,15,10,17, , 
23/08/2022,32,11,23,17, ,1
22/08/2022,43,9,15,13, ,2
21/08/2022,41,18,23,17, ,1
20/08/2022,37,20,28,13, , 
19/08/2022,26,19,24,14, , 
18/08/2022,25,15,28,22, , 
17/08/2022,51,20,36,20, , 
16/08/2022,56,32,34,18, , 
15/08/2022,43,31,33,21, ,2
14/08/2022,47,31,54,27,1,3
13/08/2022,52,24,61,23,1,4
12/08/2022,56,26,58,23, ,4
11/08/2022,56,26,59,22, ,4
10/08/2022,42,23,48,22, ,4
09/08/2022,42,17,33,17, ,3
08/08/2022,52,13,27,16, ,2
07/08/2022,48,18,31,16, ,6
06/08/2022,49,19,30,18, ,7
05/08/2022,34,19,28,14, ,7
04/08/2022,35,14,28,15, ,4
03/08/2022,39,10,28,12, , 
02/08/2022,36,19,10,11,1, 
01/08/2022,23,16,16,7, , 
31/07/2022,17,7,32,11, , 
30/07/2022,30,6,18,5, , 
29/07/2022,41,17,35,9, ,1
28/07/2022,32,13,40,13, ,1
27/07/2022,27,14,32,15, ,3
26/07/2022,31,14,23,20, ,2
25/07/2022,36,17,23,15, , 
24/07/2022,38,16,24,14,4, 
23/07/2022,34,18,26,11,3, 
22/07/2022,24,17,30,14, ,1
21/07/2022,47,17,24,16, ,1
20/07/2022,70,21,25,12, , 
19/07/2022,69,27,33,10, , 
18/07/2022,73,37,52,21, ,2
17/07/2022,46,38,58,21,1,2
16/07/2022,34,18,41,20, ,2
15/07/2022,26,12,40,15,11,1
14/07/2022,43,13,27,15, ,1
13/07/2022,49,17,29,6, ,1
12/07/2022,55,20,35,13, , 
11/07/2022,68,24,37,27, ,4
10/07/2022,46,20,46,24, ,6
09/07/2022,38,17,43,12, ,4
08/07/2022,44,14,31,12, ,5
07/07/2022,31,17,32,20, ,5
06/07/2022,34,12,28,16, ,3
05/07/2022,36,14,16,11, , 
04/07/2022,26,13,22,12, , 
03/07/2022,33,15,25,16, ,2
02/07/2022,33,12,23,7, , 
01/07/2022,35,20,24,16, ,1
30/06/2022,30,22,24,18, ,1
29/06/2022,33,21,24,22,1,1
28/06/2022,36,17,23,21, ,3
27/06/2022,33,14,27,22, ,4
26/06/2022,63,18,21,19, ,2
25/06/2022,26,14,29,14, ,2
24/06/2022,55,16,29,16, ,2
23/06/2022,50,22,31,22, ,1
22/06/2022,52,24,41,24, , 
21/06/2022,43,21,31,22, , 
20/06/2022,31,17,30,25,1, 
19/06/2022,38,18,29,10, , 
18/06/2022,80,15,26,9, , 
17/06/2022,103,35,24,15, , 
16/06/2022,78,44,52,37,1,2
15/06/2022,64,35,51,43,1,2
14/06/2022,50,29,48,35,1,1
13/06/2022,43,20,42,28,1,2
12/06/2022,45,15,31,20, ,1
11/06/2022,51,19,29,12, ,1
10/06/2022,53,24,26,12, ,1
09/06/2022,48,22,26,21,1,2
08/06/2022,35,23,23,23,1,5
07/06/2022,43,23,27,18,1,2
06/06/2022,40,17,26,18,1,1
05/06/2022,58,15,22,22,1,1
04/06/2022,46,19,25,8, , 
03/06/2022,57,19,34,3, , 
02/06/2022,56,22,44,16, ,1
01/06/2022,50,21,35,20, ,1
31/05/2022,40,15,25,18, ,1
30/05/2022,33,18,24,13, ,1
29/05/2022,34,21,26,15, ,1
28/05/2022,44,15,27,8, , 
27/05/2022,35,17,27,12, ,1
26/05/2022,31,22,33,15, ,4
25/05/2022,34,19,21,18, ,3
24/05/2022,29,19,24,21, ,1
23/05/2022,39,18,24,20,1,1
22/05/2022,50,18,24,20, , 
21/05/2022,50,22,36,19, ,1
20/05/2022,44,20,29,19, ,1
19/05/2022,42,19,30,25, ,1
18/05/2022,43,22,36,25, ,1
17/05/2022,45,23,32,24,1,1
16/05/2022,57,21,33,26, ,2
15/05/2022,69,30,28,24,1,6
14/05/2022,53,35,31,22,1,6
13/05/2022,44,30,38,21, ,5
12/05/2022,36,21,32,24, ,6
11/05/2022,47,24,27,19,1,1
10/05/2022,50,21,24,17,1,1
09/05/2022,55,26,27,18,1,1
08/05/2022,51,26,32,26,1,5
07/05/2022,39,21,31,14, ,6
06/05/2022,57,16,21,18, ,4
05/05/2022,56,26,28,26,1,3
04/05/2022,74,23,27,23,1,1
03/05/2022,71,35,21,27,1,1
02/05/2022,69,28,17,20, , 
01/05/2022,59,28,27,21, ,1
30/04/2022,56,25,31,21, ,2
29/04/2022,56,25,36,19, ,2
28/04/2022,52,26,29,18, ,1
27/04/2022,40,25,31,4, ,1
26/04/2022,37,22,29,15, ,1
25/04/2022,35,13,33,17, ,1
24/04/2022,67,15,29,15, ,1
23/04/2022,72,30,38,9, ,1
22/04/2022,57,35,33,11, , 
21/04/2022,62,22,31,13, ,1
20/04/2022,56,28,32,16, ,1
19/04/2022,46,25,32,16, ,2
18/04/2022,56,19,33,14, ,3
17/04/2022,90,21,34,18, ,4
16/04/2022,91,29,40,23, ,3
15/04/2022,42,39,31,25, ,2
14/04/2022,40,15,32,26, ,3
13/04/2022,43,14,27,24, ,2
12/04/2022,61,18,27,20,1,1
11/04/2022,59,32,26,28,1,2
10/04/2022,46,30,21,35,1,4
09/04/2022,44,18,30,23, ,4
08/04/2022,41,16,25,16, ,6
07/04/2022,28,17,27,17, ,4
06/04/2022,28,16,23,14, ,5
05/04/2022,35,14,31,24, ,2
04/04/2022,43,18,31,21, ,4
03/04/2022,53,16,28,24,1,5
02/04/2022,47,20,31,20, ,5
01/04/2022,32,19,33,15, ,3
31/03/2022,44,14,32,11, ,1
30/03/2022,92,19,30,8, ,6
29/03/2022,89,41,30,13,1,3
28/03/2022,79,38,30,20,1,1
27/03/2022,62,35,21,28,2,1
26/03/2022,96,27,23,21,3,1
25/03/2022,144,47,42,30,3,2
24/03/2022,144,64,40,37,3,3
23/03/2022,140,67,39,47,3,5
22/03/2022,125,61,39,41,2,3
21/03/2022,108,56,34,35,1,2
20/03/2022,80,51,28,23,1,4
19/03/2022,70,32,31,20, ,2
18/03/2022,57,32,28,17, ,1
17/03/2022,53,29,29,28, ,5
16/03/2022,70,26,25,29,1,11
15/03/2022,58,28,24,22,2,3
14/03/2022,60,24,25,29,1,3
13/03/2022,50,23,36,29,2,3
12/03/2022,47,16,30,20,1,2
11/03/2022,61,19,32,19,1,2
10/03/2022,65,21,26,24,2,2
09/03/2022,66,23,28,28,1,3
08/03/2022,83,28,27,23,1,2
07/03/2022,52,35,23,18,1,2
06/03/2022,54,21,24,21, ,1
05/03/2022,62,18,25,12, , 
04/03/2022,64,16,25,13, ,1
03/03/2022,100,23,24,19, ,1
02/03/2022,98,41,19,33, ,2
01/03/2022,53,31,15,25, ,2
28/02/2022,42,16,18,23, ,1
27/02/2022,32,14,25,28,1,3
26/02/2022,41,11,26,21, ,4
25/02/2022,33,15,29,29, ,5
24/02/2022,14,15,26,24,1,5
23/02/2022,35,6,31,24,1,6
22/02/2022,53,15,30,27, ,3
21/02/2022,49,25,28,24, ,3
20/02/2022,49,21,29,14, ,3
19/02/2022,49,21,30,14, ,1
18/02/2022,46,21,26,21,1,4
17/02/2022,49,26,31,15, ,6
16/02/2022,39,30,29,21,1,7
15/02/2022,45,15,32,16,1, 
14/02/2022,41,22,26,25,1,2
13/02/2022,48,15,25,21,1,8
12/02/2022,47,19,27,14,1,9
11/02/2022,44,23,24,19, ,10
10/02/2022,42,22,19,28, ,12
09/02/2022,28,18,17,22, ,12
08/02/2022,28,17,28,24,1,9
07/02/2022,45,12,28,24, ,9
06/02/2022,30,24,29,25,1,13
05/02/2022,40,14,29,11, ,11
04/02/2022,40,28,30,22, ,10
03/02/2022,49,23,29,21, ,11
02/02/2022,47,27,26,24,1,6
01/02/2022,42,22,25,11,1,4
31/01/2022,47,19,22,7,1,5
30/01/2022,45,19,28,7,1,5
29/01/2022,37,25,25,14,1,4
28/01/2022,50,20,25,10, ,1
27/01/2022,54,24,18,28,2,3
26/01/2022,68,23,18,23,1,2
25/01/2022,81,25,14,27,1,1
24/01/2022,73,28,12,19,1, 
23/01/2022,26,27,20,21,1, 
22/01/2022,49,26,22,20,1,1
21/01/2022,47,15,20,19,1, 
20/01/2022,50,21,9,24,1,3
19/01/2022,62,20,18,17,1,7
18/01/2022,100,31,14,22, ,6
17/01/2022,60,43,12,33,3,11
16/01/2022,75,31,10,26,2,5
15/01/2022,101,31,15,20,2,7
14/01/2022,109,44,7,26,2,8
13/01/2022,84,47,1,38,3,11
12/01/2022,79,39,4,34,2,10
11/01/2022,57,35,6,30,2,8
10/01/2022,69,20,15,19,1,3
09/01/2022,55,31,17,37,1,7
08/01/2022,36,20,21,22,1,7
07/01/2022,32,15,22,17,1,6
06/01/2022,51,12,23,27,1,9
05/01/2022,30,17,26,23,1,5
04/01/2022,24,12,18,12, , 
03/01/2022,33,9,19,8, ,1
02/01/2022,36,13,28,4,2,2
01/01/2022,63,15,28,17,2,1
31/12/2021,45,24,18,14,2,1
30/12/2021,39,17,21,15,1, 
29/12/2021,33,12,20,14,1, 
28/12/2021,43,13,20,19,1,1
27/12/2021,56,9,27,16, ,4
26/12/2021,74,19,22,21, , 
25/12/2021,53,25,17,26,1,3
24/12/2021,52,16,16,13,1,1
23/12/2021,75,18,17,23,1,2
22/12/2021,66,29,14,26,2,4
21/12/2021,51,28,5,40,1,2
20/12/2021,25,14,21,30, ,2
19/12/2021,39,7,21,28,2,3
18/12/2021,54,9,19,21,2,2
17/12/2021,48,15,16,23, ,1
16/12/2021,36,13,19,22, ,1
15/12/2021,51,8,20,22, ,2
14/12/2021,45,17,18,26,1,3
13/12/2021,34,18,14,28,1,2
12/12/2021,33,13,21,25, ,2
11/12/2021,48,16,22,22,2,1
10/12/2021,35,21,17,39,2,5
09/12/2021,39,14,22,20,3,5
08/12/2021,65,21,20,24,4,5
07/12/2021,137,27,25,27,5,4
06/12/2021,139,48,26,32,5,4
05/12/2021,61,48,16,33,4,10
04/12/2021,83,18,22,12, ,10
03/12/2021,59,30,22,27,1,13
02/12/2021,42,22,18,38,3,13
01/12/2021,69,16,16,23,1,13
30/11/2021,66,20,26,19,1,11
29/11/2021,66,26,26,26,1,10
28/11/2021,44,25,11,35,1,10
27/11/2021,44,14,23,12,2,6
26/11/2021,48,12,25,10,1,3
25/11/2021,69,19,20,25,1,5
24/11/2021,93,26,14,21,3,3
23/11/2021,71,37,12,36,4,8
22/11/2021,48,28,4,35,3,5
21/11/2021,35,16,19,19,1,2
20/11/2021,48,14,21,13,2,3
19/11/2021,52,18,22,26,2,5
18/11/2021,57,17,14,26,2,4
17/11/2021,62,24,15,32,2,8
16/11/2021,69,26,11,29,1,13
15/11/2021,59,25,10,37, ,8
14/11/2021,38,20,6,28,1,4
13/11/2021,35,12,15,16,1,2
12/11/2021,54,13,17,18, ,5
11/11/2021,53,21,21,28,2,4
10/11/2021,48,20,17,34,2,4
09/11/2021,44,16,19,31,2,2
08/11/2021,62,18,20,32,1,4
07/11/2021,45,26,12,33,1,7
06/11/2021,72,20,21,22, ,8
05/11/2021,77,29,22,23, ,5
04/11/2021,46,28,6,32,1,12
03/11/2021,64,16,19,14, ,6
02/11/2021,52,23,19,25,1,7
01/11/2021,38,22,10,32,2,8
31/10/2021,39,17,25,26, ,6
30/10/2021,49,18,27,18,3,4
29/10/2021,48,16,25,26,3,4
28/10/2021,49,21,28,27,3,3
27/10/2021,37,20,25,27,2,3
26/10/2021,45,19,29,23,1,2
25/10/2021,45,21,25,27,1,4
24/10/2021,39,22,22,27,1,5
23/10/2021,37,20,27,23,1,4
22/10/2021,40,16,25,28,1,5
21/10/2021,43,19,22,26,1,5
20/10/2021,51,19,23,20,1,4
19/10/2021,69,22,25,21,1,2
18/10/2021,60,29,19,16,1,1
17/10/2021,60,25,15,25,1,3
16/10/2021,68,25,23,26,1,4
15/10/2021,56,31,13,32,1,5
14/10/2021,52,26,23,27, ,3
13/10/2021,44,21,22,28,1,5
12/10/2021,54,23,12,25,1,4
11/10/2021,50,22,17,20, ,3
10/10/2021,93,21,15,17, ,3
09/10/2021,101,36,17,18, ,3
08/10/2021,50,40,18,30, ,3
07/10/2021,49,22,16,20,1,2
06/10/2021,41,23,13,26,1,2
05/10/2021,34,19,20,23,1,3
04/10/2021,38,13,25,23,1,2
03/10/2021,33,17,26,29,1,2
02/10/2021,33,15,22,17,1,2
01/10/2021,34,18,27,25,1,2
30/09/2021,33,18,25,26, ,2
29/09/2021,31,23,25,27,1,5
28/09/2021,31,17,22,19,1,7
27/09/2021,34,20,27,25,1,7
26/09/2021,40,16,31,21,1,6
25/09/2021,38,21,23,16,1,6
24/09/2021,44,18,13,21,1,7
23/09/2021,44,21,25,28,2,8
22/09/2021,51,21,20,23,1,8
21/09/2021,46,24,28,23, ,8
20/09/2021,38,20,14,22, ,7
19/09/2021,64,10,24,16, ,5
18/09/2021,49,29,16,22, ,5
17/09/2021,33,20,36,32, ,7
16/09/2021,59,14,29,35,1,7
15/09/2021,74,19,29,34,1,7
14/09/2021,59,13,27,17, ,3
13/09/2021,33,16,20,14, ,2
12/09/2021,44,11,29,12, ,1
11/09/2021,41,11,28,15, ,1
10/09/2021,40,10,31,8, ,1
09/09/2021,57,9,26,9, ,2
08/09/2021,81,16,23,9, ,1
07/09/2021,81,46,51,29, ,2
06/09/2021,59,51,53,47, ,3
05/09/2021,58,41,39,43, ,3
04/09/2021,56,33,39,17, ,3
03/09/2021,54,30,20,15, ,5
02/09/2021,37,22,24,16, ,5
01/09/2021,31,15,23,7, ,5
31/08/2021,20,7,20,7, ,5
30/08/2021,21,5,24,6, ,5
29/08/2021,28,5,25,10, ,6
28/08/2021,35,9,27,21, ,5
27/08/2021,31,12,26,21, ,5
26/08/2021,29,19,25,26, ,5
25/08/2021,26,16,27,23, ,6
24/08/2021,37,16,27,20, ,5
23/08/2021,39,22,30,21, ,6
22/08/2021,47,15,25,25, ,5
21/08/2021,43,15,24,20, ,5
20/08/2021,35,16,17,28, ,6
19/08/2021,35,13,19,23, ,5
18/08/2021,26,16,24,23, ,5
17/08/2021,31,14,22,20, ,5
16/08/2021,47,15,15,21, ,6
15/08/2021,32,21,23,17, ,5
14/08/2021,36,14,28,15, ,5
13/08/2021,37,20,28,20, ,7
12/08/2021,40,18,21,19, ,8
11/08/2021,39,15,17,19, ,6
10/08/2021,44,16,27,24, ,7
09/08/2021,34,16,25,18, ,9
08/08/2021,33,15,18,17, ,6
07/08/2021,31,16,23,15, ,6
06/08/2021,35,11,26,16, ,6
05/08/2021,48,12,22,6, ,6
04/08/2021,52,12,30,7, ,5
03/08/2021,44,15,29,13, ,6
02/08/2021,28,12,31,10, ,6
01/08/2021,27,11,25,10,1,5
31/07/2021,31,11,22,11, ,4
30/07/2021,30,10,24,19,1,4
29/07/2021,36,16,20,16,1,5
28/07/2021,40,17,23,20,1,5
27/07/2021,43,12,20,9,1,3
26/07/2021,65,16,31,20,1,3
25/07/2021,69,32,38,20,1,1
24/07/2021,66,26,24,18, ,2
23/07/2021,46,28,31,16, ,2
22/07/2021,73,14,29,13, ,3
21/07/2021,75,28,33,18, ,4
20/07/2021,56,32,47,29, ,4
19/07/2021,49,30,45,26, ,4
18/07/2021,41,24,42,23, ,5
17/07/2021,37,21,42,19, ,4
16/07/2021,39,14,30,12, ,4
15/07/2021,35,17,28,16, ,4
14/07/2021,44,10,18,18, ,3
13/07/2021,50,14,25,21, ,4
12/07/2021,45,17,23,22, ,3
11/07/2021,48,13,12,24, ,4
10/07/2021,46,17,13,18, ,5
09/07/2021,38,16,11,23, ,5
08/07/2021,29,17,26,28, ,7
07/07/2021,29,15,23,26,1,6
06/07/2021,33,16,23,12,2,1
05/07/2021,37,14,21,6,3,1
04/07/2021,35,16,26,7,3,4
03/07/2021,49,12,22,4,2,10
02/07/2021,70,17,25,8,1,10
01/07/2021,57,25,34,19,2,10
30/06/2021,36,20,30,24,4,6
29/06/2021,50,15,22,23, ,1
28/06/2021,50,22,12,25, ,1
27/06/2021,54,18,21,18, ,1
26/06/2021,42,21,30,15, ,1
25/06/2021,43,18,29,18, ,1
24/06/2021,39,16,27,20,1,1
23/06/2021,49,24,22,22,1,1
22/06/2021,36,15,35,22, ,1
21/06/2021,34,15,27,14, ,1
20/06/2021,43,13,25,14,1,1
19/06/2021,51,14,20,12, ,1
18/06/2021,51,15,21,16, ,1
17/06/2021,57,16,21,20, ,1
16/06/2021,52,21,21,18, ,1
15/06/2021,40,24,38,26,1, 
14/06/2021,46,17,20,15,1, 
13/06/2021,42,14,28,16, , 
12/06/2021,36,19,40,17, , 
11/06/2021,42,13,33,10, , 
10/06/2021,39,15,21,14, , 
09/06/2021,42,19,18,15,1, 
08/06/2021,46,21,35,22,1, 
07/06/2021,50,19,37,23, , 
06/06/2021,50,19,27,18, , 
05/06/2021,62,17,23,17, ,1
04/06/2021,53,20,40,21, ,1
03/06/2021,70,21,18,29, ,1
02/06/2021,73,30,36,23,1,1
01/06/2021,71,30,52,30,4,1
31/05/2021,70,26,54,22,3, 
30/05/2021,65,26,42,16,3, 
29/05/2021,69,23,35,13,3, 
28/05/2021,60,25,38,20,4,1
27/05/2021,47,25,30,34,4,1
26/05/2021,40,17,36,28,3,2
25/05/2021,41,16,30,23,3,3
24/05/2021,34,17,23,23,2,2
23/05/2021,34,15,27,25,2,2
22/05/2021,39,14,34,18,3,1
21/05/2021,48,13,27,20,3,3
20/05/2021,43,22,30,20,2,1
19/05/2021,37,23,30,23,1,1
18/05/2021,43,17,30,22,1,4
17/05/2021,40,20,25,26,2,1
16/05/2021,25,15,25,25,1,3
15/05/2021,41,15,28,18,1,1
14/05/2021,63,18,30,25,1,1
13/05/2021,56,15,30,23,1,1
12/05/2021,61,18,24,29,1, 
11/05/2021,45,19,35,25,1,2
10/05/2021,42,18,37,25,2,1
09/05/2021,25,15,30,20,1,1
08/05/2021,29,14,18,14, , 
07/05/2021,24,16,25,13, ,1
06/05/2021,24,19,32,24,7,5
05/05/2021,20,15,29,24,7,6
04/05/2021,27,14,27,22,2,5
03/05/2021,25,15,32,17,2,2
02/05/2021,42,19,40,14,1,2
01/05/2021,37,22,36,19,1,3
30/04/2021,36,21,37,23,1,2
29/04/2021,43,20,35,29,1,3
28/04/2021,62,21,32,24,2,4
27/04/2021,63,33,39,24,2,8
26/04/2021,37,29,34,33,1,10
25/04/2021,47,16,35,16,1,9
24/04/2021,58,19,35,13, ,7
23/04/2021,52,24,39,23,1,8
22/04/2021,54,24,29,30,1,9
21/04/2021,137,26,29,25,1,9
20/04/2021,76,54,30,31,1,8
19/04/2021,52,43,27,36,1,7
18/04/2021,35,35,33,33,1,6
17/04/2021,31,19,31,22, ,10
16/04/2021,33,17,31,21, ,10
15/04/2021,33,19,34,26, ,9
14/04/2021,60,17,31,21, ,8
13/04/2021,68,26,34,26, ,8
12/04/2021,53,30,28,39,2,12
11/04/2021,42,20,30,27,1,11
10/04/2021,45,13,32,16, ,9
09/04/2021,46,17,29,18, ,8
08/04/2021,42,19,30,23,2,9
07/04/2021,41,24,28,23,2,10
06/04/2021,32,19,28,23, ,10
05/04/2021,53,14,29,14, ,10
04/04/2021,55,21,32,16, ,9
03/04/2021,42,24,36,15, ,8
02/04/2021,37,17,35,7, ,7
01/04/2021,68,16,33,9, ,7
31/03/2021,99,35,29,17,1,5
30/03/2021,74,51,23,50,2,2
29/03/2021,49,36,40,44,1,2
28/03/2021,44,26,33,26, , 
27/03/2021,38,22,34,12, , 
26/03/2021,38,23,32,18, , 
25/03/2021,47,18,30,24, , 
24/03/2021,74,21,31,27,1, 
23/03/2021,70,38,26,28, , 
22/03/2021,68,30,29,30,1,1
21/03/2021,53,29,25,25,2,6
20/03/2021,63,18,31,16,1,7
19/03/2021,42,19,21,30,1,7
18/03/2021,59,18,30,20,1,7
17/03/2021,56,26,24,32, ,6
16/03/2021,52,30,24,29,1,6
15/03/2021,51,27,26,21,2,5
14/03/2021,38,23,32,14,1,2
13/03/2021,44,18,27,15,2,6
12/03/2021,38,18,31,16,2,6
11/03/2021,46,22,31,22,2,7
10/03/2021,63,22,28,18,2,5
09/03/2021,73,25,27,20,2,5
08/03/2021,99,38,30,30,2,8
07/03/2021,66,37,17,38,3,3
06/03/2021,41,30,30,25,1,5
05/03/2021,24,19,27,24,1,5
04/03/2021,35,19,28,19,1,7
03/03/2021,95,36,30,23,1,7
02/03/2021,83,54, ,25,5,8
01/03/2021,63,47,13,19,7,5
28/02/2021,42,41,17,18,8,5
27/02/2021,51,30,21,17,6,4
26/02/2021,52,37,30,28,7,7
25/02/2021,56,33,25,31,7,7
24/02/2021,48,26,29,27,6,4
23/02/2021,50,23,29,23,6,4
22/02/2021,76,21,31,20,6,4
21/02/2021,66,34,9,29,2,6
20/02/2021,64,29,26,20,6,4
19/02/2021,39,35,29,21,6,4
18/02/2021,41,18,28,21,3,3
17/02/2021,45,17,29,20,1,4
16/02/2021,54,19,31,18,1,4
15/02/2021,55,19,25,25,2,9
14/02/2021,64,21,24,23,1,9
13/02/2021,57,24,27,15, ,12
12/02/2021,73,22,26,18,1,13
11/02/2021,67,29,24,25,1,13
10/02/2021,30,28,21,27,1,11
09/02/2021,24,14,26,19, ,11
08/02/2021,35,10,26,11, ,10
07/02/2021,49,12,26,12, ,10
06/02/2021,66,16,28,8, ,9
05/02/2021,51,18,15,18, ,7
04/02/2021,54,16,21,13,1,8
03/02/2021,50,18,18,13, ,7
02/02/2021,50,19,25,22, ,9
01/02/2021,61,21,28,18,1,6
31/01/2021,43,20,13,10,7,5
30/01/2021,36,17,20,9,7,5
29/01/2021,38,13,17,9,7,5
28/01/2021,42,15,27,19,7,4
27/01/2021,59,14,23,14,4,5
26/01/2021,48,16,12,21,2,6
25/01/2021,52,15,20,19,2,7
24/01/2021,54,16,20,23,3,10
23/01/2021,53,14,24,18,5,10
22/01/2021,43,16,20,22,5,9
21/01/2021,21,17,17,23,6,8
20/01/2021,33,12,26,15,4,6
19/01/2021,33,12,28,12,2,6
18/01/2021,55,11,27,16,3,7
17/01/2021,48,21,27,25,3,10
16/01/2021,51,17,22,29,1,10
15/01/2021,67,16,15,25,1,11
14/01/2021,46,23,12,24, ,12
13/01/2021,49,11,16,22,1,8
12/01/2021,32,21,18,29,3,11
11/01/2021,55,14,25,24,1,7
10/01/2021,70,18,26,23,1,9
09/01/2021,83,21,13,22,1,11
08/01/2021,70,28,13,24, ,12
07/01/2021,72,27,8,21,1,12
06/01/2021,36,20,8,22,1,10
05/01/2021,34,11,12,16, ,8
04/01/2021,53,11,18,13, ,8
03/01/2021,48,10,17,12, ,7
02/01/2021,61,29,14,14, ,9
01/01/2021,86,36,14,18, ,8
31/12/2020,78,54,12,22,2,8
30/12/2020,73,21,12,21,4,10
29/12/2020,60,17,9,26,3,10
28/12/2020,57,17,15,18,6,8
27/12/2020,37,13,12,19,8,9
26/12/2020,37,10,25,10,7,7
25/12/2020,42,7,29,11, ,7
24/12/2020,32,10,22,17, ,9
23/12/2020,51,10,26,11, ,7
22/12/2020,58,16,24,21,1,5
21/12/2020,48,19,23,20,1,3
20/12/2020,33,16,23,15,1,3
19/12/2020,42,14,26,13, ,2
18/12/2020,37,15,25,15,1,2
17/12/2020,22,18,22,18,1,5
16/12/2020,19,22,19,25,4,8
15/12/2020,23,15,23,27,2,8
14/12/2020,25,17,14,31,3,8
13/12/2020,18,16,15,26,4,7
12/12/2020,39,11,12,21,2,8
11/12/2020,53,22,16,19,9,8
10/12/2020,46,20,19,20,13,9
09/12/2020,53,20,15,18,10,9
08/12/2020,76,27,12,28,8,10
07/12/2020,63,30,5,30,9,13
06/12/2020,61,24,9,25,10,10
05/12/2020,47,21,16,22,8,9
04/12/2020,54,18,20,24,10,9
03/12/2020,54,16,17,27,12,10
02/12/2020,72,20,17,28,10,9
01/12/2020,47,29,4,31,6,10
30/11/2020,83,17,18,25,4,8
29/11/2020,99,28,19,21,4,9
28/11/2020,106,38,10,22,4,8
27/11/2020,87,44,1,26,6,9
26/11/2020,74,32, ,27,7,10
25/11/2020,66,25,7,28,4,8
24/11/2020,55,24,17,21,5,5
23/11/2020,71,18,21,19,5,4
22/11/2020,46,26,16,24,2,7
21/11/2020,41,15,17,20, ,5
20/11/2020,56,15,24,14, ,4
19/11/2020,45,18,23,25,1,6
18/11/2020,50,17,25,22, ,5
17/11/2020,43,20,25,16, ,4
16/11/2020,41,17,25,16, ,3
15/11/2020,38,17,25,18,1,4
14/11/2020,46,13,27,11,4,3
13/11/2020,52,17,24,14,2,3
12/11/2020,46,21,21,24,1,5
11/11/2020,49,17,24,22,1,5
10/11/2020,50,15,20,18,1,4
09/11/2020,66,16,16,23,1,5
08/11/2020,106,13,7,23,3,5
07/11/2020,98,29,2,18,4,7
06/11/2020,154,29,2,25,4,8
05/11/2020,105,46,4,31,4,12
04/11/2020,54,46,1,34,4,15
03/11/2020,48,18,10,29,3,9
02/11/2020,47,13,21,26,3,7
01/11/2020,45,11,24,17,6,4
31/10/2020,55,13,24,12,5,2
30/10/2020,48,18,24,17,4,3
29/10/2020,44,12,25,19,3,3
28/10/2020,50,10,24,20,3,4
27/10/2020,42,11,21,19,5,2
26/10/2020,48,11,18,20,5,2
25/10/2020,31,10,17,22,5,2
24/10/2020,41,7,21,13,6,1
23/10/2020,48,7,27,11,5,1
22/10/2020,56,12,21,19,2,2
21/10/2020,49,12,22,17,3,2
20/10/2020,56,11,23,9,6,2
19/10/2020,57,15,21,5,6,2
18/10/2020,62,15,25,10,3,3
17/10/2020,51,15,6,14,1,5
16/10/2020,42,10,12,14, ,2
15/10/2020,37,11,16,16, ,3
14/10/2020,32,12,13,11, ,2
13/10/2020,29,10,18,11, ,2
12/10/2020,35,13,14,13,1,4
11/10/2020,26,16,13,24,2,5
10/10/2020,37,11,18,10, ,6
09/10/2020,49,13,17,21, ,8
08/10/2020,35,17,14,21,2,6
07/10/2020,45,12,19,14,1,2
06/10/2020,39,16,16,13,1,4
05/10/2020,42,12,18,13,3,3
04/10/2020,25,13,19,15,2,3
03/10/2020,31,7,23,11,4,2
02/10/2020,33,13,23,15,4,2
01/10/2020,31,11,17,21,4,2
30/09/2020,39,10,21,24,3,5
29/09/2020,58,14,22,16,1,2
28/09/2020,51,16,12,16, ,3
27/09/2020,37,17,13,19, ,4
26/09/2020,37,13,23,11, ,1
25/09/2020,34,15,22,16, ,2
24/09/2020,20,11,21,13, ,1
23/09/2020,36,6,10,23,1,2
22/09/2020,63,9,29,22, ,1
21/09/2020,56,18,39,31,1,2
20/09/2020,36,16,19,22, ,2
19/09/2020,46,10,31,6, ,1
18/09/2020,50,17,33,10,2,1
17/09/2020,45,21,29,16,2,1
16/09/2020,78,22,26,15,1,1
15/09/2020,95,36,31,20,2,2
14/09/2020,56,49,36,35,4,2
13/09/2020,26,29,24,22,3,2
12/09/2020,30,11,20,7,1,1
11/09/2020,42,11,17,6,2,1
10/09/2020,32,18,20,14,2,2
09/09/2020,19,15,21,12,2,1
08/09/2020,42,10,11,16,2, 
07/09/2020,48,11,13,18,1, 
06/09/2020,51,17,14,21,2,1
05/09/2020,46,16,19,22,2,1
04/09/2020,47,18,18,20,1, 
03/09/2020,49,19,20,29,2,1
02/09/2020,56,16,20,23,1,1
01/09/2020,60,21,27,34,1, 
31/08/2020,43,20,23,28,1,5
30/08/2020,42,13,20,18,3,2
29/08/2020,38,16,21,10, ,2
28/08/2020,39,12,22,11,1,2
27/08/2020,48,11,24,17,3,2
26/08/2020,38,16,17,16,3,2
25/08/2020,45,13,24,14,3,2
24/08/2020,45,12,24,12,4,2
23/08/2020,38,14,22,19,2,2
22/08/2020,45,11,24,15,2,2
21/08/2020,42,17,24,12,2,2
20/08/2020,39,20,19,10,3,2
19/08/2020,28,23,23,7,4,2
18/08/2020,28,9,8,12,3,3
17/08/2020,41,12,19,16,8,3
16/08/2020,76,13,31,10,6,3
15/08/2020,53,24,21,16,14,3
14/08/2020,34,19,20,17,4,3
13/08/2020,73,19,25,12,5,3
12/08/2020,100,29,46,13,3,3
11/08/2020,104,50,70,38,2,4
10/08/2020,72,44,67,28,1,4
09/08/2020,71,31,65,28,1,3
08/08/2020,76,23,65,15, ,3
07/08/2020,65,25,55,35,1,4
06/08/2020,37,21,51,52,1,3
05/08/2020,23,13,27,25,2,2
04/08/2020,40,12,29,18,2,2
03/08/2020,31,16,29,23,3,2
02/08/2020,30,12,27,16,2,2
01/08/2020,37,13,23,14,3,2
31/07/2020,61,15,20,16,3,2
30/07/2020,41,36,52,37,3,3
29/07/2020,40,16,30,23,2,2
28/07/2020,25,15,27,21,1,2
27/07/2020,31,10,15,12,2,1
26/07/2020,29,9,17,12,3,1
25/07/2020,33,11,16,12,3,1
24/07/2020,34,9,17,14,3,1
23/07/2020,35,12,22,20,2,1
22/07/2020,38,16,39,25,1,1
21/07/2020,42,13,35,19, ,1
20/07/2020,43,12,30,10, , 
19/07/2020,35,13,29,15, , 
18/07/2020,44,9,23,8,1,1
17/07/2020,40,11,22,12, ,1
16/07/2020,27,16,15,19, ,1
15/07/2020,33,9,15,11, ,1
14/07/2020,39,9,18,16, ,1
13/07/2020,40,9,22,17, ,1
12/07/2020,59,15,20,18, , 
11/07/2020,46,16,37,17, , 
10/07/2020,39,12,25,15, , 
09/07/2020,44,11,21,14, ,1
08/07/2020,46,13,18,12,4,5
07/07/2020,43,11,11,13,6,5
06/07/2020,35,14,24,23,5,4
05/07/2020,25,14,23,13,4,4
04/07/2020,27,13,24,8,5,4
03/07/2020,24,10,13,7,4,4
02/07/2020,29,9,14,8, ,4
01/07/2020,33,11,8,13, ,4
30/06/2020,26,12,6,17,1,5
29/06/2020,27,12,20,18,3,4
28/06/2020,25,15,24,18,5,3
27/06/2020,27,12,20,13,6,3
26/06/2020,58,11,24,15,6,4
25/06/2020,51,28,51,30,6,3
24/06/2020,55,32,71,31,6,3
23/06/2020,42,31,73,32,5,3
22/06/2020,46,23,41,28,3,3
21/06/2020,36,22,29,22,3,3
20/06/2020,37,13,22,15,4,2
19/06/2020,47,14,24,19,3,3
18/06/2020,46,15,28,19,4,3
17/06/2020,48,13,34,25,4,4
16/06/2020,42,14,29,28,4,4
15/06/2020,45,13,33,24,4,3
14/06/2020,50,12,32,24,4,4
13/06/2020,43,16,33,19,4,4
12/06/2020,64,16,31,16,4,4
11/06/2020,48,25,28,17,4,4
10/06/2020,36,16,31,14,3,3
09/06/2020,33,19,26,22,2,3
08/06/2020,33,20,31,20,1,3
07/06/2020,31,19,25,13,1,2
06/06/2020,31,12,20,16,3,3
05/06/2020,24,14,22,18,5,2
04/06/2020,27,13,27,23,5,3
03/06/2020,36,13,25,18,3,3
02/06/2020,48,24,32,22,5,3
01/06/2020,35,19,40,18,3,3
31/05/2020,31,19,42,8,3,3
30/05/2020,36,22,39,8,2,3
29/05/2020,33,25,43,12,2,3
28/05/2020,31,25,34,17,2,4
27/05/2020,37,22,30,15,1,3
26/05/2020,47,19,38,22, ,3
25/05/2020,61,18,40,21, ,3
24/05/2020,59,17,38,16, ,3
23/05/2020,46,16,30,14, ,2
22/05/2020,59,18,34,11, ,2
21/05/2020,55,19,34,16,1,2
20/05/2020,45,12,47,25,1,3
19/05/2020,33,16,36,27, ,3
18/05/2020,41,16,29,23, ,3
17/05/2020,36,16,35,23,1,2
16/05/2020,33,15,30,19,1,2
15/05/2020,35,17,32,21,2,3
14/05/2020,35,18,32,17,1,3
13/05/2020,29,13,30,12,1,3
12/05/2020,29,15,29,10,2,3
11/05/2020,28,17,29,13,1,3
10/05/2020,40,20,25,7,1,3
09/05/2020,53,27,35,8,2,2
08/05/2020,67,38,49,20,3,3
07/05/2020,58,22,47,20,1,3
06/05/2020,53,29,43,27,1,2
05/05/2020,28,24,37,16,1,2
04/05/2020,53,18,31,12, ,2
03/05/2020,48,20,34,13,1,2
02/05/2020,35,15,31,14,2,3
01/05/2020,36,12,30,18,2,2
30/04/2020,36,15,25,19,2,2
29/04/2020,43,14,27,16,3,2
28/04/2020,43,17,27,16,3,2
27/04/2020,59,12,25,16,2,2
26/04/2020,37,29,32,19,7,3
25/04/2020,34,22,41,16,8,2
24/04/2020,49,21,32,13,7,2
23/04/2020,54,35,45,20,7,2
22/04/2020,47,36,43,21,7,2
21/04/2020,42,32,41,17,6,2
20/04/2020,51,32,37,13,6,2
19/04/2020,57,31,35,13,6,2
18/04/2020,59,23,37,11,6,2
17/04/2020,50,27,24,13,6,3
16/04/2020,115,23,28,12,5,3
15/04/2020,70,51,31,25,6,2
14/04/2020,44,31,31,24,5,2
13/04/2020,46,18,32,17,4,3
12/04/2020,61,19,31,7,4,4
11/04/2020,74,29,43,19,7,3
10/04/2020,76,38,39,26,5,3
09/04/2020,57,46,38,23,4,3
08/04/2020,69,54,38,27,5,3
07/04/2020,49,52,38,28,4,3
06/04/2020,36,30,35,25,4,4
05/04/2020,33,18,33,25,7,3
04/04/2020,38,17,39,13,10,4
03/04/2020,43,21,34,19,9,4
02/04/2020,26,20,32,25,9,5
01/04/2020,52,14,32,31,7,5
31/03/2020, ,18,31,22,4,5
29/03/2020,35, , , , , 
28/03/2020,56,25,33,5,4,5
27/03/2020,90,30,40,10,5,4
26/03/2020,100,42,41,17,9,4
25/03/2020,80,47,36,21,5,6
24/03/2020,61,36,30,30,4,7
23/03/2020,59,25,34,28,3,6
22/03/2020,53,26,21,30,4,7
21/03/2020,41,20,26,14,3,5
20/03/2020,35,19,27,15,3,5
19/03/2020,57,17,27,16,3,3
18/03/2020,41,22,24,22,3,2
17/03/2020,31,19,23,16,2,3
16/03/2020,38,15,18,14,1,4
15/03/2020,23,14,12,20,1,6
14/03/2020,29,10,23,11,1,3
13/03/2020,45,13,27,21,1,4
12/03/2020,43,18,27,33,2,6
11/03/2020,30,19,27,35,3,5
10/03/2020,35,14,34,39,3,4
09/03/2020,39,10,25,30,3,3
08/03/2020,41,17,28,37,3,5
07/03/2020,60,16,33,28,3,4
06/03/2020,62,29,33,36,3,6
05/03/2020,59,28,25,33,3,5
04/03/2020,52,20,27,26,4,3
03/03/2020,54,22,20,41,4,7
02/03/2020,34,26,9,40,4,9
01/03/2020,35,13,23,31,3,5
29/02/2020,46,15,29,28,3,7
28/02/2020,44,23,30,27,3,4
27/02/2020,41,18,23,34,2,5
26/02/2020,36,16,27,33,3,6
25/02/2020,35,17,27,34,3,7
24/02/2020,34,17,27,37,4,6
23/02/2020,36,12,25,30,2,4
22/02/2020,52,13,29,23,2,3
21/02/2020,44,22,32,26,6,3
20/02/2020,34,23,33,33,5,5
19/02/2020,45,13,32,32,7,4
18/02/2020,40,20,32,40,6,5
17/02/2020,45,18,28,33,6,5
16/02/2020,36,21,30,33,7,4
15/02/2020,38,10,33,26,9,2
14/02/2020,55,12,25,24,10,2
13/02/2020,47,28,27,39,5,5
12/02/2020,41,17,32,37,8,4
11/02/2020,41,19,26,36,6,6
10/02/2020,42,21,31,30,6,6
09/02/2020,44,18,30,34,6,4
08/02/2020,55,16,32,16,5,2
07/02/2020,93,26,29,30,4,4
06/02/2020,83,41,18,34,4,6
05/02/2020,72,42,7,41,3,7
04/02/2020,45,39,8,39,4,9
03/02/2020,50,23,26,29,3,7
02/02/2020,52,24,28,30,5,7
01/02/2020,49,22,27,28,5,7
31/01/2020,24,22,29,28,5,7
30/01/2020,29,13,23,29,5,6
29/01/2020,40,15,26,31,5,7
28/01/2020,29,23,26,37,5,8
27/01/2020,44,16,28,37,6,9
26/01/2020,63,13,28,24,5,6
25/01/2020,80,27,20,15,4,3
24/01/2020,41,35,15,16,2,3
23/01/2020,68,27,9,35,3,3
22/01/2020,83,27,13,27,1,3
21/01/2020,78,30,11,31,1,5
20/01/2020,69,41, ,36,5,11
19/01/2020,49,44,1,38,5,10
18/01/2020,48,26,11,27,3,7
17/01/2020,35,20,11,30,2,6
16/01/2020,43,13,23,23,2,4
15/01/2020,37,16,20,12,2,3
14/01/2020,25,10,21,31,3,4
13/01/2020,25,9,26,15,3,2
12/01/2020,26,13,31,28,4,4
11/01/2020,31,12,27,24,3,4
10/01/2020,44,17,30,24,1,3
09/01/2020,36,12,20,28,2,5
08/01/2020,52,37,20,25,3,4
07/01/2020,41,21,19,28,2,4
06/01/2020,29,14,21,23,2,4
05/01/2020,36,9,25,9,2,4
04/01/2020,46,11,21,28,1,4
03/01/2020,45,16,14,30,1,4
02/01/2020,56,15,26,26,2,3
01/01/2020,116,16,27,27,1,3
31/12/2019, ,41,10,30,1,6
29/12/2019,70, , , , , 
28/12/2019,71,23,19,25, ,4
27/12/2019,64,23,19,29, ,5
26/12/2019,49,20,16,24,1,5
25/12/2019,49,17,23,27,1,4
24/12/2019,49,16,22,28,1,5
23/12/2019,47,17,24,30,1,3
22/12/2019,45,18,19,33,5,4
21/12/2019,42,14,23,32,7,4
20/12/2019,52,14,27,34,7,3
19/12/2019,53,15,20,39,5,4
18/12/2019,53,19,26,31,3,2
17/12/2019,54,22,18,34,3,4
16/12/2019,43,17,19,40,5,5
15/12/2019,39,20,24,40,3,5
14/12/2019,43,15,29,30,1,4
13/12/2019,38,19,29,35,1,5
12/12/2019,35,18,22,34,2,5
11/12/2019,43,22,19,41,3,6
10/12/2019,43,22,20,39,3,7
09/12/2019,37,19,25,30,1,5
08/12/2019,37,17,24,26,1,5
07/12/2019,41,15,28,25,1,4
06/12/2019,26,18,27,32,1,5
05/12/2019,48,17,23,38,2,4
04/12/2019,70,40,26,41,5,9
03/12/2019,53,45,5,52,4,10
02/12/2019,69,35,9,46,4,9
01/12/2019,34,26,9,37,2,8
30/11/2019,63,12,22,27, ,4
29/11/2019,61,26,7,39, ,6
28/11/2019,49,21,14,30, ,5
27/11/2019,38,14,22,20, ,5
26/11/2019,27,15,18,21,1,6
25/11/2019,42,11,21,21, ,6
24/11/2019,40,17,21,20,2,6
23/11/2019,57,20,12,16,1,9
22/11/2019,43,23,9,26,1,7
21/11/2019,68,22,15,36,2,8
20/11/2019,63,30,6,37,3,10
19/11/2019,72,25,17,44,3,11
18/11/2019,30,39,2,45,4,13
17/11/2019,81,16,13,31,2,7
16/11/2019,71,33,5,56,3,11
15/11/2019,50,23,8,54,4,8
14/11/2019,46,19,16,31,4,5
13/11/2019,50,17,21,61,3,8
12/11/2019,33,20,15,52,5,10
11/11/2019,37,21,18,46,4,10
10/11/2019,52,19,21,37,4,9
09/11/2019,55,22,18,42,5,7
08/11/2019,66,32,14,45,5,8
07/11/2019,42,29,10,38,7,9
06/11/2019,69,19,16,50,5,9
05/11/2019,55,30,15,46,5,8
04/11/2019,42,20,19,29,5,4
03/11/2019,58,33,14,52,6,8
02/11/2019,38,32,16,39,5,8
01/11/2019,51,29,23,29,5,5
31/10/2019,62,41,23,43,5,5
30/10/2019,45,36,7,42,5,7
29/10/2019,31,24,19,41,5,5
28/10/2019,38,17,21,41,4,3
27/10/2019,45,39,19,46,4,4
26/10/2019,45,19,19,28, ,4
25/10/2019,30,18,29,28, ,2
24/10/2019,48,20,29,35,1,2
23/10/2019,61,32,10,41,2,4
22/10/2019,43,39,5,51,2,6
21/10/2019,34,27,15,51,2,6
20/10/2019,55,14,26,26,1,1
19/10/2019,46,17,26,26,1,2
18/10/2019,49,19,22,44,2,4
17/10/2019,51,20,27,47,1,3
16/10/2019,54,21,22,58,1,3
15/10/2019,44,23,22,46,2,3
14/10/2019,41,19,18,51,4,4
13/10/2019,31,21,17,36,1,1
12/10/2019,46,16,28,33,2,2
11/10/2019,44,15,21,47,2,2
10/10/2019,45,16,23,28, ,1
09/10/2019,44,22,24,40,3,3
08/10/2019,52,19,21,39,2,4
07/10/2019,47,26,24,39,3,3
06/10/2019,45,18,19,38,3,2
05/10/2019,48,14,24,17, , 
04/10/2019,59,19,14,27,1,1
03/10/2019,56,26,17,35,2,2
02/10/2019,43,24,21,43,4,4
01/10/2019,47,13,19,24,1,1
30/09/2019,42,18,25,29,2,1
29/09/2019,35,16,16,31,2,2
28/09/2019,34,11,19,18, , 
27/09/2019,40,13,17,28,1,1
26/09/2019,43,18,11,34,1,1
25/09/2019,37,16,10,35,3,1
24/09/2019,29,18,18,17,1,1
23/09/2019,36,26,19,17, ,1
22/09/2019,45,19,21,31,2,1
21/09/2019,52,26,24,34,1, 
20/09/2019,53,37,21,39,2,2
19/09/2019,47,29,25,42,2,2
18/09/2019,41,23,22,42,1,2
17/09/2019,44,22,24,32, ,2
16/09/2019,66,17,22,27, ,4
15/09/2019,59,29,15,23,1,4
14/09/2019,67,22,24,30,1,5
13/09/2019,52,26,20,43,1,5
12/09/2019,51,21,24,31,1,5
11/09/2019,49,19,13,28,3,8
10/09/2019,63,19,14,30,2,8
09/09/2019,57,29,18,33,2,9
08/09/2019,48,19,20,39,7,9
07/09/2019,46,17,23,22,11,9
06/09/2019,52,14,22,20,8,8
05/09/2019,46,20,18,33,12,11
04/09/2019,44,15,23,27,11,8
03/09/2019,46,15,20,21,7,5
02/09/2019,49,18,23,32,1,3
01/09/2019,41,20,25,32,1,4
31/08/2019,55,12,24,20,1,3
30/08/2019,52,18,26,27,1,3
29/08/2019,45,20,27,31,1,3
28/08/2019,53,16,23,30,1,4
27/08/2019,96,20,26,33,1,4
26/08/2019,98,39,56,62, ,6
25/08/2019,117,37,54,53, ,6
24/08/2019,102,46,54,53, ,6
23/08/2019,65,41,57,52, ,5
22/08/2019,56,26,31,39,1,4
21/08/2019,51,21,27,35, ,5
20/08/2019,54,20,31,33,1,5
19/08/2019,38,19,30,36, ,5
18/08/2019,37,22,24,22,1,4
17/08/2019,35,16,23,15, ,4
16/08/2019,34,16,21,17, ,3
15/08/2019,34,17,16,25,1,4
14/08/2019,34,12,23,24, ,3
13/08/2019,31,11,17,29,1,3
12/08/2019,43,14,28,30, ,4
11/08/2019,48,15,21,25, ,3
10/08/2019,51,17,26,19, ,2
09/08/2019,51,23,25,18, ,2
08/08/2019,48,21,24,24, ,3
07/08/2019,50,19,25,33,1,2
06/08/2019,50,27,23,28,1,2
05/08/2019,53,21,25,25,1,2
04/08/2019,59,19,26,24,1,4
03/08/2019,54,22,39,30, ,3
02/08/2019,47,22,32,28, ,2
01/08/2019,36,23,31,20, ,2
31/07/2019,32,16,21,18, ,2
30/07/2019,61,12,17,13,1,2
29/07/2019,41,14,24,12,1,2
28/07/2019,23,17,32,14,5,2
27/07/2019,37,15,23,18,4,1
26/07/2019,54,14,14,23,3,3
25/07/2019,64,23,16,27,1,2
24/07/2019,68,34,40,37,1,4
23/07/2019,50,33,19,52,1,4
22/07/2019,36,28,49,40, ,3
21/07/2019,24,18,19,7,1,3
20/07/2019,28,12,22,15, ,4
19/07/2019,22,17,23,7, ,3
18/07/2019,36,8,15,22,1,4
17/07/2019,57,12,21,20, ,4
16/07/2019,51,25,41,60,1,3
15/07/2019,41,23,36,34,2,2
14/07/2019,46,17,28,23,1,1
13/07/2019,52,14,22,18, ,2
12/07/2019,45,15,25,19, ,2
11/07/2019,43,13,25,15,1,2
10/07/2019,50,16,26,33,1,2
09/07/2019,49,19,36,46,5,3
08/07/2019,49,20,33,41,8,3
07/07/2019,49,22,32,38,2,3
06/07/2019,50,17,24,26,6,2
05/07/2019,61,16,19,20,1,2
04/07/2019,48,22,39,44,1,3
03/07/2019,44,20,32,36, ,3
02/07/2019,58,19,24,29,1,3
01/07/2019,40,16,29,23,1,2
30/06/2019,42,15,25,18,1,3
29/06/2019,66,20,27,22,1,4
28/06/2019,45,33,56,44,1,4
27/06/2019,39,27,23,25,1,3
26/06/2019,38,20,30,30, ,3
25/06/2019,58,16,28,25, ,3
24/06/2019,58,31,27,29, ,6
23/06/2019,58,35,26,39,2,8
22/06/2019,34,30,45,20, ,6
21/06/2019,40,15,33,32,1,5
20/06/2019,39,16,28,34,1,6
19/06/2019,46,20,24,37,2,6
18/06/2019,48,22,15,37,1,6
17/06/2019,34,22,21,41,1,5
16/06/2019,31,20,32,41,1,6
15/06/2019,36,16,24,24, ,3
14/06/2019,36,20,26,30, ,4
13/06/2019,31,21,27,36,1,5
12/06/2019,34,19,27,35,2,6
11/06/2019,30,20,23,25,1,3
10/06/2019,50,17,23,26, ,1
09/06/2019,30,13,25,27,1,3
08/06/2019,34,24,22,29,2,6
07/06/2019,36,22,20,25,2,6
06/06/2019,35,23,23,29,4,4
05/06/2019,43,20,26,34,3,3
04/06/2019,42,19,26,34,3,5
03/06/2019,38,26,22,41, ,4
02/06/2019,35,21,30,50,1,5
01/06/2019,38,20,34,46, ,3
31/05/2019,34,20,35,46,2,5
30/05/2019,44,18,17,32,1,6
29/05/2019,41,20,20,29,2,6
28/05/2019,31,20,25,35,2,8
27/05/2019,33,15,25,24,1,6
26/05/2019,34,16,22,21, ,7
25/05/2019,32,18,16,20,1,6
24/05/2019,51,16,24,20, ,5
23/05/2019,48,20,23,22, ,6
22/05/2019,44,23,44,44,2,10
21/05/2019,36,24,41,49,1,9
20/05/2019,44,20,37,28, ,7
19/05/2019,84,27,32,30,1,5
18/05/2019,73,27,32,29,1,6
17/05/2019,59,28,26,33,2,7
16/05/2019,63,25,24,29,1,5
15/05/2019,73,27,32,17,1,8
14/05/2019,42,30,32,26,1,8
13/05/2019,41,17,29,29,1,7
12/05/2019,45,17,27,34,1,9
11/05/2019,60,16,31,27,1,7
10/05/2019,57,16,31,29,1,5
09/05/2019,63,18,30,41,2,9
08/05/2019,64,22,18,32,3,8
07/05/2019,62,22,22,38,2,6
06/05/2019,45,22,28,40, ,2
05/05/2019,49,16,22,22,1,2
04/05/2019,34,24,30,16,1,2
03/05/2019,41,16,27,12, ,2
02/05/2019,31,20,22,25,1,2
01/05/2019,57,23,22,29, ,3
30/04/2019,82,30,36,37,1,6
29/04/2019,58,35,31,43, ,9
28/04/2019,33,27,29,32, ,8
27/04/2019,29,16,31,19,1,7
26/04/2019,30,23,33,23,1,9
25/04/2019,26,22,37,34,1,9
24/04/2019,47,18,37,40,2,8
23/04/2019,88,38,38,42,3,9
22/04/2019,116,45,31,43,8,8
21/04/2019,72,56,55,46,8,9
20/04/2019,61,40,60,26,1,9
19/04/2019,67,40,56,38, ,8
18/04/2019,64,42,51,43,1,9
17/04/2019,86,53,40,46,1,9
16/04/2019,77,57,27,41,2,6
15/04/2019,67,55,14,35,2,4
14/04/2019,51,43,27,32,2,5
13/04/2019,57,25,33,24,2,5
12/04/2019,62,21,31,27,2,3
11/04/2019,47,22,32,36,2,4
10/04/2019,56,23,35,34,1,6
09/04/2019,101,23,31,29, ,8
08/04/2019,133,40,36,27, ,6
07/04/2019,129,49,28,28,1,8
06/04/2019,55,47,31,14,1,6
05/04/2019,37,22,29,24,1,6
04/04/2019,29,17,24,19,2,10
03/04/2019,54,12,23,18,2,10
02/04/2019,67,16,13,27,3,11
01/04/2019,36,30,26,43,4,11
31/03/2019,33,25,33,32,2,8
30/03/2019,113,31,35,25,3,8
29/03/2019,82,53,35,42,3,9
28/03/2019,74,45,34,45,2,7
27/03/2019,58,35,26,52,2,10
26/03/2019,67,27,28,34,1,10
25/03/2019,42,32,29,37,2,11
24/03/2019,62,22,32,24,1,9
23/03/2019,57,23,34,25,1,8
22/03/2019,56,24,28,27,2,8
21/03/2019,54,23,22,36,3,8
20/03/2019,50,24,17,32,3,8
19/03/2019,55,21,23,38,2,8
18/03/2019,43,27,18,38,2,9
17/03/2019,35,21,25,34,1,8
16/03/2019,34,12,32,28,1,9
15/03/2019,31,16,36,27,1,6
14/03/2019,36,14,26,33,1,6
13/03/2019,45,16,33,27,2,8
12/03/2019,36,19,28,25,1,8
11/03/2019,34,13,28,27,1,8
10/03/2019,36,17,26,23,1,9
09/03/2019,33,11,29,23, ,8
08/03/2019,31,18,27,9,1, 
07/03/2019,28,15,23,28,5,9
06/03/2019,49,10,26,30,6,9
05/03/2019,40,19,23,17,1,5
04/03/2019,37,19,26,25,1,1
03/03/2019,46,17,16,26,1,2
02/03/2019,54,14,29,15,1,3
01/03/2019,82,21,21,20,1,3
28/02/2019,90,33,14,25,2,3
27/02/2019,141,32,21,28,4,8
26/02/2019,139,58,4,58,5,12
25/02/2019,128,58,2,61,3,12
24/02/2019,123,53,2,55,1,12
23/02/2019,93,47,5,40,1,11
22/02/2019,72,43,9,39,3,9
21/02/2019,60,43,17,42,4,9
20/02/2019,62,33,23,42,2,8
19/02/2019,54,26,25,40,2,9
18/02/2019,53,28,25,42,3,10
17/02/2019,81,26,19,41,2,9
16/02/2019,97,36,27,36,1,9
15/02/2019,120,40,21,44,2,9
14/02/2019,86,50,16,55,4,12
13/02/2019,52,46,9,53,3,11
12/02/2019,38,27,9,28,2,9
11/02/2019,44,28,16,40,3,11
10/02/2019,31,24,19,38,1,10
09/02/2019,43,11,23,30,1,8
08/02/2019,45,18,27,29,2,9
07/02/2019,44,15,25,36,2,9
06/02/2019,74,20,21,31,6,10
05/02/2019,66,23,12,39,2,8
04/02/2019,59,21,13,36,3,9
03/02/2019,57,18,19,37,3,9
02/02/2019,87,25,16,31,2,12
01/02/2019,60,22,18,19,2,8
31/01/2019,54,18,20,31,2,9
30/01/2019,56,29,17,48,3,14
29/01/2019,48,25,11,38,1,11
28/01/2019,43,30,17,46,1,12
27/01/2019,40,23,23,30,6,11
26/01/2019,50,12,26,19,14,7
25/01/2019,85,15,27,34,13,8
24/01/2019,95,29,10,40,11,10
23/01/2019,61,37,4,51,8,15
22/01/2019,41,24,17,35,4,10
21/01/2019,111,18,22,33,3,9
20/01/2019,98,43,18,40,4,14
19/01/2019,62,33,12,34,3,11
18/01/2019,50,26,20,30,2,9
17/01/2019,36,26,18,46,3,12
16/01/2019,32,15,20,31,2,9
15/01/2019,37,11,26,39,3,8
14/01/2019,40,17,23,43,4,10
13/01/2019,29,19,24,25,2,7
12/01/2019,49,17,30,22,2,6
11/01/2019,60,17,21,30,3,8
10/01/2019,73,25,7,30,3,7
09/01/2019,46,34,9,29,3,11
08/01/2019,50,22,19,30,3,11
07/01/2019,60,24,23,27,1,8
06/01/2019,73,25,24,36,3,9
05/01/2019,81,29,13,30,2,10
04/01/2019,92,31,19,29,1,10
03/01/2019,55,39,14,31,1,9
02/01/2019,59,26,22,31, ,7
01/01/2019,49,22,22,26, ,7
31/12/2018, ,15,23,21, ,7
30/12/2018,63, , , , , 
29/12/2018,63,17,15,29,1,8
28/12/2018,102,22,18,31,1,8
27/12/2018,120,38,6,36,4,12
26/12/2018,69,48,1,43,4,14
25/12/2018,85,24,10,32,1,8
24/12/2018,76,31,10,37,3,13
23/12/2018,49,29,14,35,1,9
22/12/2018,56,15,21,32,1,6
21/12/2018,53,22,25,40,2,8
20/12/2018,52,26,24,39,3,7
19/12/2018,52,21,24,49,4,8
18/12/2018,54,21,22,52,4,8
17/12/2018,59,21,26,38,2,7
16/12/2018,52,28,20,50,7,9
15/12/2018,74,21,20,45,4,9
14/12/2018,87,25,21,31,4,10
13/12/2018,74,43,8,44,4,13
12/12/2018,72,31,5,36,3,12
11/12/2018,81,26,16,36,1,9
10/12/2018,55,35,6,49,4,11
09/12/2018,45,19,12,36,2,8
08/12/2018,49,14,27,24,1,6
07/12/2018,49,20,27,40,2,7
06/12/2018,59,16,27,44,3,7
05/12/2018,60,26,23,44,4,7
04/12/2018,68,22,19,42,3,8
03/12/2018,64,28,9,50,5,11
02/12/2018,49,20,23,36,2,6
01/12/2018,61,15,22,34,3,6
30/11/2018,57,19,21,45,3,8
29/11/2018,53,25,19,53,4,9
28/11/2018,57,21,26,40,11,7
27/11/2018,74,19,24,41,9,7
26/11/2018,60,26,8,37,2,10
25/11/2018,74,23,14,30,1,9
24/11/2018,88,27,10,27, ,8
23/11/2018,117,33,11,30,1,9
22/11/2018,131,47,1,40,5,11
21/11/2018,86,51,1,38,5,13
20/11/2018,60,32,7,42,3,12
19/11/2018,46,21,15,33,2,8
18/11/2018,65,16,19,31,2,8
17/11/2018,86,23,21,29,2,8
16/11/2018,70,32,6,32,3,9
15/11/2018,85,25,5,31,3,8
14/11/2018,65,37,6,45,3,8
13/11/2018,57,27,18,49,3,8
12/11/2018,55,27,21,55,4,9
11/11/2018,51,22,21,53,4,8
10/11/2018,59,17,24,41,3,8
09/11/2018,58,21,21,49,3,6
08/11/2018,52,23,24,44,3,8
07/11/2018,53,24,22,47,3,8
06/11/2018,88,19,23,42,4,8
05/11/2018,119,36,19,42,4,8
04/11/2018,73,52,1,38,4,10
03/11/2018,71,28,18,37,2,8
02/11/2018,79,27,24,51,2,9
01/11/2018,76,34,12,52,4,12
31/10/2018,71,26,4,44,4,8
30/10/2018,51,29,14,53,4,12
29/10/2018,39,19,15,27,3,9
28/10/2018,39,15,17,26,2,8
27/10/2018,40,12,21,23,2,8
26/10/2018,52,13,18,22,2,9
25/10/2018,64,16,19,31,3,8
24/10/2018,62,25,15,33,3,8
23/10/2018,62,22,13,30,2,6
22/10/2018,55,26,13,34,3,7
21/10/2018,74,23,20,29,4,7
20/10/2018,109,26,18,34,3,9
19/10/2018,75,45,15,58,6,14
18/10/2018,63,30,18,43,2,10
17/10/2018,75,22,16,34, ,6
16/10/2018,78,26,18,43,4,7
15/10/2018,56,33,19,46,4,7
14/10/2018,48,19,20,30, ,4
13/10/2018,58,13,24,32, ,4
12/10/2018,54,23,25,49, ,5
11/10/2018,66,21,26,51,1,6
10/10/2018,119,26,22,53,1,6
09/10/2018,67,48,15,62,1,8
08/10/2018,60,26,27,72, ,9
07/10/2018,51,22,19,69, ,9
06/10/2018,64,18,21,42, ,6
05/10/2018,92,22,24,36, ,5
04/10/2018,73,37,20,75,1,9
03/10/2018,59,28,14,61, ,8
02/10/2018,49,23,16,54, ,5
01/10/2018,50,18,21,47,1,5
30/09/2018,57,18,22,38,1,5
29/09/2018,69,21,24,41,1,6
28/09/2018,49,35,22,59,1,7
27/09/2018,79,19,23,32,1,3
26/09/2018,70,34,29,70,1,9
25/09/2018,70,29,25,58,1,5
24/09/2018,51,33,25,60,2,10
23/09/2018,63,23,22,34,1,5
22/09/2018,54,14,21,21,1,2
21/09/2018,53,18,15,48,1,4
20/09/2018,59,22,23,54,1,5
19/09/2018,62,25,24,48,1,3
18/09/2018,56,27,23,40,2,3
17/09/2018,58,21,29,44,4,4
16/09/2018,53,20,37,50,4,4
15/09/2018,58,19,31,39,3,3
14/09/2018,61,22,25,45,4,4
13/09/2018,68,20,20,47,5,6
12/09/2018,60,25,19,40,5,5
11/09/2018,58,23,21,29,2,3
10/09/2018,55,19,21,36,4,3
09/09/2018,53,21,27,43,4,4
08/09/2018,57,19,30,37,3,3
07/09/2018,52,24,23,38,3,4
06/09/2018,63,19,24,35,3,4
05/09/2018,57,27,26,35,3,3
04/09/2018,63,25,32,30,1,2
03/09/2018,79,28,28,28,1,2
02/09/2018,73,33,45,43,2,3
01/09/2018,67,27,42,41,3,4
31/08/2018,62,27,40,49,4,4
30/08/2018,73,24,23,36,2,3
29/08/2018,70,23,21,30,2,3
28/08/2018,58,24,17,30,2,3
27/08/2018,48,22,21,40,4,4
26/08/2018,54,15,15,28,3,3
25/08/2018,51,18,18,34,4,3
24/08/2018,50,17,21,27,3,3
23/08/2018,59,17,18,35,4,3
22/08/2018,65,18,20,29,3,3
21/08/2018,56,21,11,39,2,4
20/08/2018,54,24,26,39,3,3
19/08/2018,55,19,19,35,3,3
18/08/2018,55,18,15,27,2,2
17/08/2018,55,21,15,35,3,4
16/08/2018,60,22,20,41,4,5
15/08/2018,59,23,15,39,4,4
14/08/2018,54,22,19,40,3,4
13/08/2018,54,19,23,33,2,3
12/08/2018,49,19,20,28,2,2
11/08/2018,51,16,22,33,3,3
10/08/2018,52,19,24,35,2,4
09/08/2018,65,19,16,37,3,4
08/08/2018,54,19,15,36,3,3
07/08/2018,80,19,27,45,3,4
06/08/2018,69,29,44,64,4,4
05/08/2018,53,27,53,65,3,4
04/08/2018,50,18,37,34,2,3
03/08/2018,58,21,35,26,2,2
02/08/2018,59,23,45,46,2,2
01/08/2018,57,25,30,49,3,4
31/07/2018,54,24,33,48,3,5
30/07/2018,49,21,27,43,3,4
29/07/2018,46,18,15,33,3,3
28/07/2018,50,16,20,31,2,2
27/07/2018,75,25,25,33,2,4
26/07/2018,103,32,46,60,4,4
25/07/2018,72,45,54,70,4,4
24/07/2018,61,29,44,54,3,4
23/07/2018,57,25,41,60,5,4
22/07/2018,59,24,38,61,5,4
21/07/2018,75,24,33,41,6,4
20/07/2018,59,29,58,47,6,3
19/07/2018,59,26,37,62,6,5
18/07/2018,51,25,37,63,5,6
17/07/2018,49,23,33,57,5,5
16/07/2018,63,21,24,50,5,5
15/07/2018,60,28,44,59,5,5
14/07/2018,67,25,49,51,4,4
13/07/2018,66,30,47,57,4,5
12/07/2018,63,29,36,50,4,4
11/07/2018,69,27,34,36,4,3
10/07/2018,50,28,29,25,4,2
09/07/2018,62,19,24,22,4,2
08/07/2018,64,27,39,39,3,3
07/07/2018,96,26,42,33,3,3
06/07/2018,80,36,49,45,3,3
05/07/2018,88,32,47,45,3,3
04/07/2018,67,35,54,59,3,4
03/07/2018,52,28,40,51,3,4
02/07/2018,53,21,41,43,3,5
01/07/2018,64,22,47,42,5,5
30/06/2018,56,26,64,34,5,3
29/06/2018,62,24,41,35,4,3
28/06/2018,73,25,37,36,4,3
27/06/2018,62,26,40,39,4,3
26/06/2018,62,28,30,45,4,3
25/06/2018,69,28,35,50,4,4
24/06/2018,62,30,65,52,3,6
23/06/2018,61,24,45,34,3,5
22/06/2018,51,25,35,34,2,6
21/06/2018,48,23,34,34,3,5
20/06/2018,52,29,30,35,2,5
19/06/2018,51,20,13,36,4,4
18/06/2018,56,18,15,44,4,5
17/06/2018,51,21,26,43,3,5
16/06/2018,56,19,26,41,3,6
15/06/2018,70,20,28,42,3,6
14/06/2018,65,25,32,48,3,6
13/06/2018,62,27,31,39,3,5
12/06/2018,58,29,34,52,3,5
11/06/2018,53,22,25,30,2,3
10/06/2018,64,22,31,44,2,4
09/06/2018,65,22,33,29,2,4
08/06/2018,63,28,33,35,1,4
07/06/2018,65,26,37,38,2,4
06/06/2018,62,28,29,45,1,3
05/06/2018,56,34,34,39,1,3
04/06/2018,70,20,32,38,1,3
03/06/2018,58,25,31,31,1,4
02/06/2018,61,23,39,44,2,4
01/06/2018,93,23,34,45,2,4
31/05/2018,116,35,30,62,4,6
30/05/2018,86,44,33,49,1,5
29/05/2018,82,34,30,47,2,5
28/05/2018,112,30,36,30,2,4
27/05/2018,91,59,42,36,2,5
26/05/2018,121,55,43,60,2,5
25/05/2018,99,57,53,45,2,5
24/05/2018,92,44,31,60,4,6
23/05/2018,72,51,31,53,3,5
22/05/2018,79,32,41,37,2,4
21/05/2018,106,35,41,37,2,4
20/05/2018,78,45,38,57,2,6
19/05/2018,69,34,39,57,2,7
18/05/2018,58,35,39,51,2,7
17/05/2018,53,27,31,49,1,7
16/05/2018,57,25,33,39,1,6
15/05/2018,59,23,34,31,1,5
14/05/2018,50,21,45,36,2,5
13/05/2018,70,21,36,32,2,6
12/05/2018,70,25,35,37,2,6
11/05/2018,59,27,27,51,3,6
10/05/2018,55,28,35,52,3,8
09/05/2018,63,22,36,42,2,7
08/05/2018,110,28,35,61,5,7
07/05/2018,122,46,56,71,4,7
06/05/2018,105,45,63,58,2,6
05/05/2018,90,41,51,46,2,4
04/05/2018,71,36,41,56,2,8
03/05/2018,65,30,31,60,3,9
02/05/2018,48,27,31,62,5,11
01/05/2018,55,17,33,54,3,8
30/04/2018,54,23,33,71,4,11
29/04/2018,47,20,34,34,1,6
28/04/2018,56,12,32,19,1,4
27/04/2018,58,17,27,31,1,4
26/04/2018,53,23,24,58,4,7
25/04/2018,49,25,34,63,5,9
24/04/2018,56,21,31,55,4,8
23/04/2018,49,23,27,52,4,7
22/04/2018,86,24,30,57,4,8
21/04/2018,113,38,43,50,2,6
20/04/2018,91,49,32,57,2,6
19/04/2018,108,41,39,50,3,6
18/04/2018,89,51,53,81,4,9
17/04/2018,58,34,37,69,4,7
16/04/2018,57,26,36,56,2,8
15/04/2018,95,28,36,58,4,9
14/04/2018,117,36,33,47,2,7
13/04/2018,89,48,34,54,3,9
12/04/2018,112,38,20,53,5,9
11/04/2018,131,42,19,31,1,6
10/04/2018,97,48,14,34,1,5
09/04/2018,92,36,23,48,1,6
08/04/2018,78,27,18,48,3,7
07/04/2018,84,28,23,46,3,7
06/04/2018,63,36,30,58,3,9
05/04/2018,44,25,32,54,16,10
04/04/2018,50,16,30,46,2,9
03/04/2018,56,21,32,51,3,5
02/04/2018,58,21,32,53,3,4
01/04/2018,58,17,26,45,3,4
31/03/2018,55,17,29,32,2,5
30/03/2018,52,17,24,36,4,5
29/03/2018,53,17,22,46,3,6
28/03/2018,57,26,28,59,4,8
27/03/2018,57,22,25,58,4,7
26/03/2018,66,23,30,51,3,6
25/03/2018,101,35,29,49,2,8
24/03/2018,93,45,27,35,2,4
23/03/2018,56,42,18,41,3,4
22/03/2018,59,37,33,59,3,5
21/03/2018,68,32,30,58,2,4
20/03/2018,52,35,26,82,3,10
19/03/2018,60,33,31,43, ,7
18/03/2018,72,36,32,34,1,9
17/03/2018,63,32,23,29,1,7
16/03/2018,63,25,23,29,2,7
15/03/2018,59,30,28,61,5,7
14/03/2018,56,21,27,56,4,5
13/03/2018,64,21,27,49,3,6
12/03/2018,69,26,17,50,4,7
11/03/2018,71,22,18,39,4,5
10/03/2018,65,33,17,47,4,6
09/03/2018,66,29,18,52,5,5
08/03/2018,45,31,13,58,5,7
07/03/2018,69,22,23,55,5,7
06/03/2018,63,29,18,62,6,8
05/03/2018,58,27,23,75,7,8
04/03/2018,84,26,26,56,4,5
03/03/2018,159,31,24,50,3,6
02/03/2018,121,64,10,38,3,8
01/03/2018,98,48,19,37,3,9
28/02/2018,75,42,20,36,2,9
27/02/2018,55,27,22,52,2,10
26/02/2018,49,36,23,52,1,10
25/02/2018,56,31,26,42, ,7
24/02/2018,93,22,23,37,1,9
23/02/2018,80,39,20,41,2,9
22/02/2018,89,31,17,49,2,8
21/02/2018,120,34,19,52,2,7
20/02/2018,55,48,16,42,1,7
19/02/2018,80,20,22,29,2,4
18/02/2018,69,29,16,42,5,6
17/02/2018,76,31,24,58,4,8
16/02/2018,62,37,20,64,5,10
15/02/2018,58,36,17,74,8,11
14/02/2018,61,28,25,63,6,8
13/02/2018,51,22,21,64,5,8
12/02/2018,52,18,21,54,4,8
11/02/2018,36,26,20,63,7,10
10/02/2018,50,12,19,33,3,6
09/02/2018,48,24,18,63,5,8
08/02/2018,65,22,22,38,3,5
07/02/2018,74,35,26,77,8,6
06/02/2018,79,45,15,46,3,3
05/02/2018,56,37,19,47,2,3
04/02/2018,48,22,21,50, ,2
03/02/2018,67,15,22,35,1,2
02/02/2018,57,23,16,56,5,3
01/02/2018,47,28,20,34,2,3
31/01/2018,51,23,21,33,3,2
30/01/2018,68,20,28,58,5,4
29/01/2018,50,35,21,67,6,5
28/01/2018,47,19,28,44,2,3
27/01/2018,66,17,27,41,1,2
26/01/2018,83,26,21,56,2,3
25/01/2018,59,37,11,47,1,3
24/01/2018,49,29,21,66,5,5
23/01/2018,50,18,25,61,6,5
22/01/2018,56,20,26,57,9,8
21/01/2018,68,24,22,45,4,5
20/01/2018,56,22,16,48,4,5
19/01/2018,54,20,19,52,3,4
18/01/2018,48,33,18,65,9,6
17/01/2018,50,21,30,43,5,4
16/01/2018,46,22,28,53,6,5
15/01/2018,55,17,25,57,7,5
14/01/2018,93,19,22,51,6,5
13/01/2018,86,35,12,42,3,4
12/01/2018,84,30,16,34,2,3
11/01/2018,91,32,22,44,4,4
10/01/2018,73,34,5,35,3,4
09/01/2018,98,33,15,53,7,7
08/01/2018,73,38,3,45,5,6
07/01/2018,46,28,16,31,4,4
06/01/2018,77,17,20,30, ,2
05/01/2018,56,27,20,38,1,4
04/01/2018,54,25,24,54,6,5
03/01/2018,61,22,25,45,7,4
02/01/2018,57,29,30,32,5,3
01/01/2018,48,26,26,44,5,4
31/12/2017,24,18,27,39,4,3
30/12/2017,60,9,29,6, ,2
29/12/2017,54,29,27,38,4,3
28/12/2017,55,21,25,44,4,3
27/12/2017,39,25,9,44,5,5
26/12/2017,37,10,26,23,20,4
25/12/2017,49,12,25,31,21,4
24/12/2017,42,16,27,18,13,4
23/12/2017,52,12,25,28,5,4
22/12/2017,67,18,19,33,2,4
21/12/2017,76,27,10,41,2,5
20/12/2017,86,31,11,48,6,6
19/12/2017,107,35,1,48,13,7
18/12/2017,76,46,2,56,20,9
17/12/2017,68,32,15,38,15,5
16/12/2017,57,24,17,39,13,5
15/12/2017,57,22,6,34,13,3
14/12/2017,61,19,13,32,13,3
13/12/2017,58,28,23,64,13,8
12/12/2017,86,20,26,57,9,10
11/12/2017,53,33,12,63,10,11
10/12/2017,55,14,14,33,1,6
09/12/2017,78,27,15,38,3,8
08/12/2017,50,31,11,52,6,8
07/12/2017,57,17,16,40,3,6
06/12/2017,56,22,22,39,4,7
05/12/2017,57,23,21,64,6,8
04/12/2017,65,26,18,54,7,8
03/12/2017,67,31,5,42,4,6
02/12/2017,82,32,8,34,2,5
01/12/2017,52,35,8,47,5,8
30/11/2017,51,20,24,28,2,3
29/11/2017,52,21,23,28,2,4
28/11/2017,57,18,15,34,2,4
27/11/2017,49,22,11,34,3,5
26/11/2017,52,19,21,42,5,6
25/11/2017,78,23,18,38,4,6
24/11/2017,88,29,16,40,5,7
23/11/2017,54,31,9,44,5,6
22/11/2017,66,27,26,54,7,6
21/11/2017,63,33,26,43,4,5
20/11/2017,61,30,22,48,7,6
19/11/2017,61,25,16,47,6,6
18/11/2017,72,25,12,42,3,4
17/11/2017,85,29,10,43,4,4
16/11/2017,71,35,13,52,3,7
15/11/2017,81,30,13,47,4,6
14/11/2017,64,34,7,49,5,8
13/11/2017,67,33,9,55,6,8
12/11/2017,53,24,16,33,2,4
11/11/2017,65,17,24,26,1,4
10/11/2017,57,28,12,41,2,4
09/11/2017,75,25,23,41,6,5
08/11/2017,60,34,4,50,9,7
07/11/2017,60,23,21,35,7,4
06/11/2017,94,24,24,47,9,5
05/11/2017,82,40,10,51,11,7
04/11/2017,88,30,19,30,8,4
03/11/2017,123,35,13,35,27,4
02/11/2017,110,54,11,64,10,9
01/11/2017,84,52,2,51,9,9
31/10/2017,75,38,10,68,6,9
30/10/2017,71,35,12,69,6,9
29/10/2017,52,29,13,45,4,6
28/10/2017,66,16,24,26,3,2
27/10/2017,75,24,19,43,4,6
26/10/2017,89,27,16,37,3,4
25/10/2017,72,30,6,48,5,6
24/10/2017,66,27,24,55,4,6
23/10/2017,61,22,24,47,4,5
22/10/2017,49,24,17,53,4,6
21/10/2017,56,15,26,36,2,3
20/10/2017,55,23,26,36,2,4
19/10/2017,91,24,25,58,4,5
18/10/2017,103,37,26,41,4,5
17/10/2017,69,44,7,39,4,5
16/10/2017,87,38,24,51,5,6
15/10/2017,87,40,29,42,4,5
14/10/2017,75,35,29,42,3,5
13/10/2017,68,28,16,39,3,4
12/10/2017,68,27,17,42,4,5
11/10/2017,51,38,17,52,5,6
10/10/2017,59,22,20,44,4,4
09/10/2017,71,21,19,44,4,5
08/10/2017,57,25,12,50,5,6
07/10/2017,55,18,20,33,2,4
06/10/2017,54,16,19,39,3,4
05/10/2017,48,19,21,38,2,4
04/10/2017,57,15,23,31,1,2
03/10/2017,58,23,22,51,5,2
02/10/2017,60,20,23,37,2,3
01/10/2017,48,26,24,47,4,2
30/09/2017,56,13,23,35,3,3
29/09/2017,73,20,24,50,4,3
28/09/2017,65,28,19,55,5,3
27/09/2017,146,25,24,59,5,3
26/09/2017,119,49,27,53,4,4
25/09/2017,120,43,12,44,3,4
24/09/2017,88,43,13,46,3,4
23/09/2017,59,29,32,40,2,3
22/09/2017,63,19,24,43,3,3
21/09/2017,63,23,21,56,6,3
20/09/2017,68,23,24,56,4,3
19/09/2017,78,28,18,55,5,3
18/09/2017,70,23,18,42,2,3
17/09/2017,53,21,24,36,1,3
16/09/2017,62,13,27,26,1,4
15/09/2017,57,15,22,28,2,4
14/09/2017,51,15,41,38,3,3
13/09/2017,50,14,43,34,2,3
12/09/2017,50,17,36,44,4,3
11/09/2017,53,17,27,46,4,3
10/09/2017,46,18,26,41,4,3
09/09/2017,25,17,25,32,3,3
08/09/2017,24,9,22,19,2,3
07/09/2017, ,5,19,13,2,4
05/09/2017,52, , , , , 
04/09/2017,57,17,21,44,4,3
03/09/2017,52,18,22,42,4,4
02/09/2017,66,18,32,40,2,3
01/09/2017,73,23,31,44,2,3
31/08/2017,63,23,29,36,2,3
30/08/2017,71,27,26,45,4,3
29/08/2017,83,55,19,29,2,4
28/08/2017,117,32,23,45,4,4
27/08/2017,79,45,49,52,2,5
26/08/2017,78,27,35,34,1,4
25/08/2017,77,28,40,42,2,4
24/08/2017,57,35,58,56,4,4
23/08/2017,92,21,44,46,4,3
22/08/2017,90,44,35,40,2,4
21/08/2017,54,35,17,42,3,4
20/08/2017,51,20,19,38,3,3
19/08/2017,49,18,30,38,2,3
18/08/2017,56,17,29,34,2,3
17/08/2017,58,22,24,46,4,3
16/08/2017,58,21,30,44,3,3
15/08/2017,60,22,39,50,3,3
14/08/2017,61,21,30,43,2,3
13/08/2017,55,24,35,56,3,3
12/08/2017,51,17,36,31,1,2
11/08/2017,67,14,27,28,2,3
10/08/2017,63,28,27,51,4,3
09/08/2017,59,25,29,33,1,3
08/08/2017,67,15,74,29,2,3
07/08/2017,57,17,72,27,3,4
06/08/2017,53,21,25,38,3,5
05/08/2017,57,20,32,34,2,5
04/08/2017,58,22,29,26,2,3
03/08/2017,53,25,28,43,4,4
02/08/2017,52,30,27,33,4,3
01/08/2017,53,17,25,35,5,2
31/07/2017,54,23,29,39,5,2
30/07/2017,48,33,27,36,4,3
29/07/2017,52,20,28,29,3,3
28/07/2017,53,22,24,39,4,3
27/07/2017,58,27,23,35,3,6
26/07/2017,62,27,22,39,4,5
25/07/2017,64,25,21,44,4,4
24/07/2017,52,21,29,32,2,2
23/07/2017,54,15,23,27,2,3
22/07/2017,50,18,23,35,4,4
21/07/2017,59,17,25,41,3,4
20/07/2017,59,21,28,42,3,5
19/07/2017,74,24,23,42,4,4
18/07/2017,68,32,33,47,3,6
17/07/2017,54,34,42,50,3,5
16/07/2017,49,24,35,37,2,4
15/07/2017,59,15,14,24,3,3
14/07/2017,64,21,20,36,4,5
13/07/2017,60,21,26,27,2,5
12/07/2017,52,25,35,61,5,4
11/07/2017,56,18,25,31,2,2
10/07/2017,57,20,21,57,4,4
09/07/2017,63,21,29,47,3,3
08/07/2017,58,24,43,59,3,5
07/07/2017,67,19,34,31,2,4
06/07/2017,84,23,34,47,3,3
05/07/2017,66,35,56,67,3,4
04/07/2017,60,26,31,53,3,2
03/07/2017,56,21,26,63,5,4
02/07/2017,51,21,26,53,4,3
01/07/2017,63,18,31,24,1,1
30/06/2017,61,22,27,33,1,1
29/06/2017,58,20,25,32,2,1
28/06/2017,68,20,18,57,4,2
27/06/2017,67,21,20,32,2,2
26/06/2017,52,28,21,44,2,3
25/06/2017,44,23,29,36,1,2
24/06/2017,52,15,21,27,2,3
23/06/2017,56,20,21,34,2,4
22/06/2017,81,22,26,45,3,4
21/06/2017,96,36,44,51,3,6
20/06/2017,105,43,83,62,3,6
19/06/2017,92,45,38,62,2,5
18/06/2017,77,39,66,65,2,6
17/06/2017,74,28,63,46,2,5
16/06/2017,63,27,38,36,2,5
15/06/2017,71,25,29,33,2,3
14/06/2017,67,31,31,49,4,4
13/06/2017,61,29,42,47,2,3
12/06/2017,55,24,27,44,3,4
11/06/2017,53,21,27,43,4,4
10/06/2017,59,19,31,32,2,4
09/06/2017,63,22,28,36,3,4
08/06/2017,62,27,27,48,4,5
07/06/2017,53,22,25,50,4,4
06/06/2017,51,89,27,45,3,4
05/06/2017,53,19,26,42,4,4
04/06/2017,48,21,29,43,3,4
03/06/2017,59,18,30,35,3,3
02/06/2017,85,23,33,32,3,3
01/06/2017,63,30,32,52,4,4
31/05/2017,59,25,35,53,5,5
30/05/2017,58,25,21,39,3,4
29/05/2017,63,20,27,47,4,6
28/05/2017,62,24,34,39,2,5
27/05/2017,73,23,33,38,1,5
26/05/2017,70,28,39,47,2,5
25/05/2017,73,30,40,55,3,6
24/05/2017,71,35,54,60,3,6
23/05/2017,59,26,91,47,2,5
22/05/2017,72,23,21,47,3,6
21/05/2017,51,29,41,60,2,6
20/05/2017,53,19,37,45,2,5
19/05/2017,61,21,32,48,3,6
18/05/2017,72,22,30,44,3,5
17/05/2017,78,28,24,40,3,5
16/05/2017,60,28,14,42,4,4
15/05/2017,57,26,23,45,4,4
14/05/2017,51,24,24,48,3,3
13/05/2017,72,21,32,35,2,2
12/05/2017,84,31,37,48,3,3
11/05/2017,112,33,35,51,4,4
10/05/2017,67,47,23,55,4,4
09/05/2017,61,31,28,53,3,3
08/05/2017,62,31,30,35, ,2
07/05/2017,78,31,31,28, ,2
06/05/2017,89,30,36,25,1,2
05/05/2017,57,33,29,29,1,2
04/05/2017,78,29,33,36,1,2
03/05/2017,77,39,32,37, ,2
02/05/2017,70,35,32,35,1,3
01/05/2017,45,33,29,36,1,3
30/04/2017,67,16,30,29,2,4
29/04/2017,64,27,36,32,2,4
28/04/2017,70,26,35,50,4,4
27/04/2017,62,28,24,40,2,4
26/04/2017,58,28,28,44,3,4
25/04/2017,55,20,24,31,1,2
24/04/2017,73,20,27,28,2,2
23/04/2017,58,29,29,39,4,3
22/04/2017,60,25,43,36,2,2
21/04/2017,81,22,68,33,1,1
20/04/2017,77,36,42,37,3,2
19/04/2017,59,32,32,53,4,3
18/04/2017,47,25,31,55,1,4
17/04/2017,49,23,35,34, ,6
16/04/2017,54,18,32,28, ,5
15/04/2017,47,17,34,29,1,6
14/04/2017,51,17,39,29,1,4
13/04/2017,66,20,29,38,3,6
12/04/2017,65,26,33,35,1,5
11/04/2017,57,27,33,40,3,6
10/04/2017,62,25,34,38,2,5
09/04/2017,102,24,33,31,1,4
08/04/2017,110,46,43,49,2,6
07/04/2017,88,47,42,67,3,7
06/04/2017,87,36,32,40,1,4
05/04/2017,77,35,29,45,2,3
04/04/2017,70,28,32,37, ,2
03/04/2017,93,27,27,37,1,2
02/04/2017,65,34,36,56,3,4
01/04/2017,60,23,34,33,2,3
31/03/2017,65,24,38,50,4,4
30/03/2017,64,27,38,60,4,4
29/03/2017,65,28,41,59,3,4
28/03/2017,121,27,35,50,3,4
27/03/2017,118,50,34,50,4,5
26/03/2017,53,46,24,41,2,4
25/03/2017,59,19,32,33,1,2
24/03/2017,96,23,37,39,1,2
23/03/2017,86,40,26,37,1,2
22/03/2017,55,32,26,41,2,3
21/03/2017,54,24,30,51,3,7
20/03/2017,53,26,30,50,5,7
19/03/2017,48,23,28,46,5,6
18/03/2017,53,18,29,32,3,5
17/03/2017,56,21,26,37,4,5
16/03/2017,92,26,28,47,4,5
15/03/2017,81,37,20,50,6,6
14/03/2017,72,36,19,52,5,5
13/03/2017,65,28,22,43,4,4
12/03/2017,102,29,29,42,2,3
11/03/2017,90,39,17,38,3,3
10/03/2017,69,37,20,50,4,4
09/03/2017,68,28,19,56,4,4
08/03/2017,77,24,31,46,3,2
07/03/2017,61,27,38,51,5,2
06/03/2017,57,27,31,47,3,2
05/03/2017,46,26,34,37,3,2
04/03/2017,60,17,36,39,3,2
03/03/2017,71,26,38,45,4,2
02/03/2017,60,32,29,48,3,2
01/03/2017,60,32,34,48,4,2
28/02/2017,55,29,33,55,5,2
27/02/2017,53,25,33,49,6,5
26/02/2017,47,17,36,51,5,6
25/02/2017,62,15,33,34,2,4
24/02/2017,61,28,31,41,3,4
23/02/2017,48,25,30,44,2,3
22/02/2017,59,21,32,34,3,2
21/02/2017,57,19,30,50,5,2
20/02/2017,66,22,23,47,5,5
19/02/2017,77,25,18,40,5,4
18/02/2017,92,30,24,43,4,5
17/02/2017,80,37,27,49,4,4
16/02/2017,69,37,20,54,6,5
15/02/2017,82,36,21,57,6,4
14/02/2017,108,35,19,50,4,3
13/02/2017,144,50,9,46,4,4
12/02/2017,133,59,11,35,3,4
11/02/2017,123,49,13,35,3,5
10/02/2017,133,43,17,34,3,4
09/02/2017,104,50,12,43,3,3
08/02/2017,91,41,17,52,2,2
07/02/2017,79,41,10,44,3,2
06/02/2017,103,35,24,55,5,5
05/02/2017,78,42,20,54,6,7
04/02/2017,68,28,17,43,4,4
03/02/2017,54,33,19,64,6,6
02/02/2017,59,31,31,50,5,4
01/02/2017,73,26,26,39,5,3
31/01/2017,97,24,18,44,6,5
30/01/2017,79,33,11,40,5,4
29/01/2017,50,31,16,41,5,3
28/01/2017,69,23,24,41,4,3
27/01/2017,143,39,25,45,5,4
26/01/2017,143,62,6,47,5,5
25/01/2017,119,59,12,47,5,5
24/01/2017,155,47,7,64,8,10
23/01/2017,177,66,6,71,11,12
22/01/2017,164,83,6,74,13,15
21/01/2017,104,73,6,63,8,13
20/01/2017,97,50,9,54,5,5
19/01/2017,132,49,10,58,4,4
18/01/2017,125,60,6,61,5,5
17/01/2017,99,61,6,72,7,7
16/01/2017,80,45,12,59,5,4
15/01/2017,64,30,11,52,4,3
14/01/2017,68,24,13,39,4,3
13/01/2017,70,24,19,36,4,3
12/01/2017,68,24,25,35,8,2
11/01/2017,74,24,24,51,7,4
10/01/2017,82,56,27,42,5,3
09/01/2017,71,34,13,50,6,4
08/01/2017,89,24,19,52,6,4
07/01/2017,86,29,11,45,5,5
06/01/2017,101,26,13,38,4,4
05/01/2017,98,46,13,72,7,7
04/01/2017,73,45,11,57,4,7
03/01/2017,64,33,19,45,3,2
02/01/2017,72,28,13,49,6,4
01/01/2017,48,27,23,32,2,2
31/12/2016,83,16,27,13,3,2
30/12/2016,119,32,7,41,4,4
29/12/2016,126,46,4,49,6,7
28/12/2016,141,52,4,70,6,9
27/12/2016,100,60,1,91,6,13
26/12/2016,47,47,3,92,5,11
25/12/2016,39,20,26,72,3,3
24/12/2016,58,16,28,23,2,2
23/12/2016,56,32,29,46,2,3
22/12/2016,76,23,25,51,3,3
21/12/2016,72,38,9,67,6,6
20/12/2016,102,35,20,52,5,5
19/12/2016,112,40,10,44,4,4
18/12/2016,100,47,2,54,3,4
17/12/2016,118,36,2,55,3,4
16/12/2016,125,46,1,54,5,6
15/12/2016,102,53,2,49,4,4
14/12/2016,98,44,3,47,3,4
13/12/2016,87,43,8,55,5,5
12/12/2016,75,34,11,51,6,5
11/12/2016,70,32,18,49,5,4
10/12/2016,82,28,11,48,5,4
09/12/2016,93,34,26,42,5,2
08/12/2016,96,40,10,52,6,3
07/12/2016,104,40,12,52,10,3
06/12/2016,147,46,10,58,15,4
05/12/2016,130,59,4,59,19,8
04/12/2016,67,58,1,51,15,6
03/12/2016,58,31,11,46,11,2
02/12/2016,124,29,17,48,10,2
01/12/2016,139,52,5,55,11,6
30/11/2016,151,60,3,74,11,11
29/11/2016,97,83,3,86,13,17
28/11/2016,57,43,5,63,6,9
27/11/2016,67,26,24,48,4,6
26/11/2016,76,23,22,36,5,5
25/11/2016,52,29,18,37,6,6
24/11/2016,48,23,25,45,4,2
23/11/2016,70,23,26,41,4,5
22/11/2016,53,55,18,43,7,6
21/11/2016,85,25,25,50,6,7
20/11/2016,62,25,26,45,8,3
19/11/2016,57,17,24,37,7,3
18/11/2016,59,26,17,53,6,4
17/11/2016,62,28,26,66,7,5
16/11/2016,62,30,25,58,6,2
15/11/2016,72,27,20,56,6,2
14/11/2016,85,33,14,46,6,5
13/11/2016,68,39,13,59,7,5
12/11/2016,75,30,17,38,2,4
11/11/2016,83,27,14,45,3,5
10/11/2016,65,36,11,52,4,5
09/11/2016,58,30,15,51,6,5
08/11/2016,80,21,11,42,5,4
07/11/2016,59,33,7,50,7,3
06/11/2016,74,22,20,37,5,2
05/11/2016,86,25,18,25,6,2
04/11/2016,84,38,21,37,5,3
03/11/2016,102,36,9,65,6,5
02/11/2016,89,44,12,78,7,6
01/11/2016,108,34,15,63,2,4
31/10/2016,141,47,17,52,6,7
30/10/2016,140,58,2,50,12,7
29/10/2016,106,55,3,48,15,7
28/10/2016,86,46,7,55,9,6
27/10/2016,80,35,22,47,8,4
26/10/2016,95,33,24,57,7,5
25/10/2016,109,41,19,59,8,6
24/10/2016,86,44,6,51,9,4
23/10/2016,70,33,9,43,9,3
22/10/2016,66,24,17,32,9,3
21/10/2016,74,22,18,34,8,3
20/10/2016,65,24,14,41,7,3
19/10/2016,66,25,17,35,7,3
18/10/2016,54,22,20,36,6,4
17/10/2016,65,21,27,42,7,6
16/10/2016,57,28,27,59,10,8
15/10/2016,77,21,28,40,7,5
14/10/2016,83,31,26,50,12,6
13/10/2016,71,33,11,41,11,5
12/10/2016,64,26,11,36,8,5
11/10/2016,65,23,18,36,7,4
10/10/2016,63,23,17,42,6,3
09/10/2016,53,23,23,36,5,1
08/10/2016,67,17,26,28,4,1
07/10/2016,72,22,25,31,4,1
06/10/2016,55,26,15,45,4,2
05/10/2016,57,22,25,45,3,1
04/10/2016,70,28,19,38,7,2
03/10/2016,71,29,16,40,9,3
02/10/2016,63,29,18,52,6,5
01/10/2016,63,21,23,32,3,2
30/09/2016,65,23,19,47,7,4
29/09/2016,59,31,22,56,11,5
28/09/2016,69,26,22,46,10,4
27/09/2016,62,35,19,48,8,4
26/09/2016,61,27,18,48,7,4
25/09/2016,54,37,19,53,7,4
24/09/2016,61,24,30,41,7,4
23/09/2016,63,23,36,54,7,2
22/09/2016,78,29,28,65,6,6
21/09/2016,85,34,23,59,5,8
20/09/2016,83,35,36,63,4,8
19/09/2016,92,28,17,38,3,5
18/09/2016,70,34,20,34,3,6
17/09/2016,60,21,31,28,3,6
16/09/2016,81,19,18,22,2,6
15/09/2016,100,37,26,29,2,3
14/09/2016,94,41,47,60,3,4
13/09/2016,93,40,42,69,3,2
12/09/2016,62,44,44,67,4,3
11/09/2016,57,27,24,50,4,3
10/09/2016,60,24,29,45,4,2
09/09/2016,62,24,20,40,4,2
08/09/2016,77,26,25,48,5,3
07/09/2016,75,33,28,56,5,6
06/09/2016,80,33,37,56,3,7
05/09/2016,65,32,9,41,5,8
04/09/2016,52,28,12,42,5,8
03/09/2016,62,20,22,26,6,6
02/09/2016,67,24,22,39,5,6
01/09/2016,64,27,15,44,5,7
31/08/2016,68,28,26,48,6,4
30/08/2016,71,29,23,57,6,4
29/08/2016,72,30,39,66,5,5
28/08/2016,67,23,30,31,3,3
27/08/2016,77,25,27,35,4,6
26/08/2016,84,31,34,41,4,3
25/08/2016,101,28,28,45,5,3
24/08/2016,91,40,38,51,4,4
23/08/2016,69,38,53,67,6,3
22/08/2016,64,29,40,65,5,2
21/08/2016,48,28,26,45,4,2
20/08/2016,58,16,27,32,3,2
19/08/2016,86,26,27,35,4,2
18/08/2016,73,34,30,54,5,3
17/08/2016,74,33,37,48,4,2
16/08/2016,60,32,36,53,4,2
15/08/2016,56,24,31,44,4,2
14/08/2016,54,21,25,43,4,2
13/08/2016,55,18,27,30,2,1
12/08/2016,66,19,24,38,4,3
11/08/2016,61,26,29,49,5,6
10/08/2016,59,22,18,32,4,8
09/08/2016,64,22,23,29,3,7
08/08/2016,62,25,24,29,2,4
07/08/2016,53,21,23,29,3,5
06/08/2016,65,21,26,32,3,7
05/08/2016,61,25,34,38,4,6
04/08/2016,58,22,29,40,4,7
03/08/2016,58,24,22,40,4,7
02/08/2016,61,26,21,44,4,9
01/08/2016,58,24,16,42,5,10
31/07/2016,50,23,17,47,5,9
30/07/2016,69,15,26,27,3,6
29/07/2016,60,23,25,30,3,7
28/07/2016,62,28,17,50,6,6
27/07/2016,67,26,23,49,4,7
26/07/2016,62,24,18,39,4,9
25/07/2016,55,24,22,40,5,11
24/07/2016,54,21,25,33,4,9
23/07/2016,75,20,27,34,4,6
22/07/2016,94,28,42,50,4,7
21/07/2016,71,35,21,45,4,7
20/07/2016,87,22,28,34,7,6
19/07/2016,75,37,48,59,8,9
18/07/2016,65,30,40,61,7,8
17/07/2016,55,24,42,48,6,7
16/07/2016,54,16,20,25,5,5
15/07/2016,63,17,17,29,5,4
14/07/2016,68,23,19,47,6,5
13/07/2016,67,20,25,31,5,2
12/07/2016,73,21,19,26,6,4
11/07/2016,69,26,17,38,6,8
10/07/2016,64,22,20,40,6,9
09/07/2016,71,18,24,31,6,8
08/07/2016,71,22,17,37,4,8
07/07/2016,70,24,23,41,5,9
06/07/2016,53,27,29,64,6,6
05/07/2016,46,21,31,35,3,1
04/07/2016,63,19,28,26,3,4
03/07/2016,55,22,22,46,4,5
02/07/2016,60,20,27,39,3,4
01/07/2016,59,19,22,38,4,4
30/06/2016,65,26,23,54,5,4
29/06/2016,59,24,25,59,5,3
28/06/2016,63,23,19,49,7,6
27/06/2016,44,27,26,52,5,8
26/06/2016,52,15,26,27,3,2
25/06/2016,52,16,24,31,3,2
24/06/2016,62,18,24,38,4,2
23/06/2016,75,26,25,57,6,5
22/06/2016,69,29,9,57,6,9
21/06/2016,60,26,17,60,5,7
20/06/2016,49,23,21,55,7,9
19/06/2016,60,17,19,39,8,8
18/06/2016,70,23,29,39,6,6
17/06/2016,71,29,21,37,7,3
16/06/2016,61,25,27,41,9,3
15/06/2016,64,24,27,56,9,3
14/06/2016,63,27,23,54,10,4
13/06/2016,66,26,18,50,10,8
12/06/2016,65,32,17,43,8,4
11/06/2016,82,27,28,43,7,4
10/06/2016,76,33,39,57,7,3
09/06/2016,81,37,39,75,6,3
08/06/2016,90,34,19,54,5,1
07/06/2016,93,38,35,63,5,4
06/06/2016,69,48,20,78,5,4
05/06/2016,77,32,24,52,4,3
04/06/2016,95,33,34,32,4,2
03/06/2016,75,36,27,37,5,1
02/06/2016,50,25,30,41,4,2
01/06/2016,53,17,32,36,4,2
31/05/2016,52,18,30,27,4,2
30/05/2016,62,14,28,25,4,2
29/05/2016,70,19,32,20,4,2
28/05/2016,87,22,36,24,4,2
27/05/2016,78,32,40,44,3,2
26/05/2016,72,34,35,52,4,4
25/05/2016,66,30,31,59,4,5
24/05/2016,47,26,33,39,3,3
23/05/2016,49,17,28,36,3,2
22/05/2016,59,17,29,32,5,2
21/05/2016,60,20,31,33,8,3
20/05/2016,65,22,27,43,8,4
19/05/2016,71,26,28,55,7,4
18/05/2016,70,27,28,50,7,3
17/05/2016,76,27,36,60,8,4
16/05/2016,79,30,36,61,6,4
15/05/2016,79,34,37,47,5,3
14/05/2016,59,29,40,44,5,3
13/05/2016,77,22,36,34,5,2
12/05/2016,98,34,39,36,6,3
11/05/2016,113,42,52,53,8,4
10/05/2016,92,42,19,49,7,9
09/05/2016,83,36,20,49,6,6
08/05/2016,72,38,38,59,7,4
07/05/2016,110,29,52,52,6,3
06/05/2016,96,45,45,54,6,4
05/05/2016,77,44,35,71,5,5
04/05/2016,68,39,42,75,4,4
03/05/2016,67,33,38,70,5,4
02/05/2016,60,26,33,42,4,2
01/05/2016,57,24,30,31,3,4
30/04/2016,63,24,36,44,3,7
29/04/2016,79,21,32,35,3,3
28/04/2016,72,32,27,49,5,5
27/04/2016,62,29,30,53,6,4
26/04/2016,55,24,31,44,5,2
25/04/2016,71,19,29,35,6,2
24/04/2016,60,25,26,43,6,3
23/04/2016,57,20,34,33,4,2
22/04/2016,65,19,29,37,4,2
21/04/2016,69,28,29,45,3,2
20/04/2016,60,33,29,46,4,2
19/04/2016,56,30,27,45,3,3
18/04/2016,67,23,32,45,3,3
17/04/2016,57,29,27,58,5,6
16/04/2016,60,19,31,36,3,3
15/04/2016,75,19,25,39,5,2
14/04/2016,73,27,25,61,6,3
13/04/2016,73,32,33,64,5,4
12/04/2016,63,29,26,60,5,4
11/04/2016,103,27,31,61,6,4
10/04/2016,48,42,15,48,5,6
09/04/2016,49,18,34,41,4,3
08/04/2016,70,20,30,48,4,3
07/04/2016,59,29,25,53,5,5
06/04/2016,57,24,20,51,5,4
05/04/2016,65,26,29,61,5,3
04/04/2016,70,27,31,49,5,2
03/04/2016,86,29,30,60,5,4
02/04/2016,77,32,28,46,3,4
01/04/2016,83,32,35,55,3,5
31/03/2016,67,34,29,68,5,7
30/03/2016,56,25,27,59,5,4
29/03/2016,51,28,27,56,7,4
28/03/2016,44,25,30,65,7,3
27/03/2016,39,18,32,38,9,2
26/03/2016,59,22,33,39,7,2
25/03/2016,63,24,34,41,6,2
24/03/2016,101,22,32,48,5,4
23/03/2016,109,44,25,71,6,7
22/03/2016,90,44,18,52,5,5
21/03/2016,89,34,23,51,4,4
20/03/2016,52,31,27,43,4,4
19/03/2016,52,18,32,34,3,3
18/03/2016,72,17,36,37,2,3
17/03/2016,104,25,30,44,2,4
16/03/2016,76,41,34,48,1,5
15/03/2016,83,29,31,37,1,4
14/03/2016,87,32,38,40,1,4
13/03/2016,117,32,27,37, ,3
12/03/2016,162,45,26,35,1,3
11/03/2016,154,66,19,48,3,5
10/03/2016,109,60,14,55,3,5
09/03/2016,68,43,12,44,2,4
08/03/2016,77,21,24,45,3,3
07/03/2016,65,38,23,61,5,3
06/03/2016,66,32,25,41,1,3
05/03/2016,78,29,23,34,1,3
04/03/2016,58,28,25,39,2,3
03/03/2016,55,30,26,57,8,3
02/03/2016,48,23,28,44,8,4
01/03/2016,57,23,29,49,8,7
29/02/2016,62,27,28,52,6,8
28/02/2016,51,29,24,49,4,8
27/02/2016,89,17,30,33,5,7
26/02/2016,101,34,23,36,6,7
25/02/2016,104,46,17,62,7,8
24/02/2016,103,46,17,66,7,8
23/02/2016,63,48,10,64,7,8
22/02/2016,54,28,20,45,5,4
21/02/2016,42,18,27,39,6,2
20/02/2016,48,17,30,39,5,2
19/02/2016,74,22,30,50,5,4
18/02/2016,72,35,27,70,6,8
17/02/2016,74,29,20,50,6,6
16/02/2016,77,37,22,69,5,8
15/02/2016,70,42,21,70,6,9
14/02/2016,60,30,24,56,3,5
13/02/2016,83,25,27,34,7,4
12/02/2016,68,31,14,41,8,4
11/02/2016,94,30,14,50,7,5
10/02/2016,59,48,12,68,9,12
09/02/2016,58,22,20,40,7,10
08/02/2016,56,29,25,51,8,9
07/02/2016,40,31,32,39,7,7
06/02/2016,58,18,33,33,7,6
05/02/2016,63,23,31,30,6,4
04/02/2016,63,29,25,48,5,7
03/02/2016,59,25,19,42,5,9
02/02/2016,64,25,18,40,5,9
01/02/2016,59,34,27,44,5,8
31/01/2016,51,28,29,38,5,7
30/01/2016,51,20,25,39,5,8
29/01/2016,50,27,29,39,5,6
28/01/2016,58,23,29,40,4,4
27/01/2016,46,35,27,51,6,3
26/01/2016,61,17,27,39,5,2
25/01/2016,63,31,26,41,4,3
24/01/2016,60,30,22,43,5,3
23/01/2016,77,20,14,35,4,3
22/01/2016,82,38,16,49,5,6
21/01/2016,109,42,14,49,6,9
20/01/2016,159,55,12,61,6,11
19/01/2016,138,72,1,89,11,17
18/01/2016,71,61,1,77,8,12
17/01/2016,58,34,15,52,3,7
16/01/2016,82,23,17,54,1,6
15/01/2016,52,38,8,49,3,7
14/01/2016,47,20,17,44,1,4
13/01/2016,61,18,20,41,3,3
12/01/2016,55,31,20,52,5,6
11/01/2016,59,22,22,43,5,7
10/01/2016,46,22,23,50,6,7
09/01/2016,56,18,28,38,4,5
08/01/2016,71,23,29,40,3,4
07/01/2016,51,33,15,58,8,7
06/01/2016,91,20,23,41,11,5
05/01/2016,61,38,2,52,12,7
04/01/2016,54,30,19,51,11,6
03/01/2016,42,25,19,44,11,5
02/01/2016,48,17,25,37,10,3
01/01/2016,64,15,19,28,9,3
31/12/2015, ,27,17,38,6,4
30/12/2015,50, , , , , 
29/12/2015,59,20,27,37,7,3
28/12/2015,75,24,26,53,6,5
27/12/2015,98,37,16,36,6,4
26/12/2015,60,56,28,38,5,5
25/12/2015,42,23,28,22,5,2
24/12/2015,54,18,26,30,5,3
23/12/2015,60,22,27,41,6,3
22/12/2015,70,28,28,52,5,4
21/12/2015,54,17,27,42,6,4
20/12/2015,57,24,26,55,6,5
19/12/2015,75,26,27,44,6,5
18/12/2015,79,31,19,40,5,5
17/12/2015,95,36,20,59,6,6
16/12/2015,70,48,16,49,6,6
15/12/2015,90,33,25,52,6,6
14/12/2015,78,37,7,42,5,6
13/12/2015,62,33,16,44,6,5
12/12/2015,61,24,19,36,6,5
11/12/2015,64,29,28,43,6,5
10/12/2015,70,29,20,51,7,6
09/12/2015,68,30,29,50,6,6
08/12/2015,68,33,22,54,7,6
07/12/2015,72,29,23,51,6,5
06/12/2015,56,33,23,41,6,5
05/12/2015,57,25,32,37,5,6
04/12/2015,65,27,32,41,5,6
03/12/2015,75,30,26,51,6,6
02/12/2015,70,35,25,50,5,7
01/12/2015,62,33,32,55,5,9
30/11/2015,53,27,28,58,6,9
29/11/2015,51,23,26,49,5,10
28/11/2015,54,23,29,36,5,10
27/11/2015,71,26,28,44,5,10
26/11/2015,78,28,23,49,6,10
25/11/2015,67,36,11,52,6,10
24/11/2015,61,26,17,41,6,4
23/11/2015,104,28,22,56,7,7
22/11/2015,67,40,15,62,7,8
21/11/2015,52,26,13,41,5,5
20/11/2015,55,19,26,30,6,3
19/11/2015,69,30,19,47,5,3
18/11/2015,60,32,25,57,7,5
17/11/2015,55,33,27,43,5,6
16/11/2015,58,27,27,41,6,6
15/11/2015,51,27,27,49,6,7
14/11/2015,58,21,25,28,4,5
13/11/2015,59,24,23,44,5,6
12/11/2015,70,33,28,55,7,6
11/11/2015,60,36,23,53,6,6
10/11/2015,64,29,25,53,6,6
09/11/2015,58,28,24,44,6,7
08/11/2015,63,29,26,42,6,6
07/11/2015,63,24,19,37,5,6
06/11/2015,69,26,20,35,6,6
05/11/2015,74,26,20,43,6,7
04/11/2015,93,29,18,54,7,7
03/11/2015,104,40,10,53,8,5
02/11/2015,116,46,8,41,7,6
01/11/2015,152,49,3,40,6,9
31/10/2015,111,60,4,43,7,13
30/10/2015,68,50,6,39,5,8
29/10/2015,67,30,15,48,6,8
28/10/2015,75,29,18,55,6,9
27/10/2015,95,33,15,54,7,9
26/10/2015,80,48,9,42,6,9
25/10/2015,68,36,13,48,5,7
24/10/2015,75,27,14,58,4,7
23/10/2015,81,27,23,70,5,8
22/10/2015,72,39,15,75,7,9
21/10/2015,88,34,25,48,6,8
20/10/2015,81,37,9,57,8,11
19/10/2015,71,34,15,60,4,7
18/10/2015,64,26,20,49,3,5
17/10/2015,68,20,19,30,2,5
16/10/2015,83,28,23,38,2,4
15/10/2015,72,35,22,52,3,5
14/10/2015,52,28,17,52,3,6
13/10/2015,67,21,21,54,2,5
12/10/2015,92,26,21,52,3,4
11/10/2015,96,37,20,54,3,4
10/10/2015,68,38,22,38,3,3
09/10/2015,102,26,17,42,3,3
08/10/2015,80,44,10,61,7,6
07/10/2015,71,34,17,49,6,4
06/10/2015,77,28,10,41,6,4
05/10/2015,82,27,17,52,6,5
04/10/2015,110,30,18,46,5,6
03/10/2015,129,44,33,55,4,6
02/10/2015,86,50,13,50,3,5
01/10/2015,66,36,17,63,3,4
30/09/2015,65,28,24,42,1,3
29/09/2015,61,31,21,43,2,3
28/09/2015,59,28,18,44,2,3
27/09/2015,59,24,19,46,3,3
26/09/2015,74,20,24,38,2,3
25/09/2015,73,30,22,44,3,4
24/09/2015,67,34,21,45,4,4
23/09/2015,62,27,17,57,6,5
22/09/2015,58,27,16,55,6,3
21/09/2015,81,21,16,54,5,4
20/09/2015,86,26,22,60,7,7
19/09/2015,65,30,32,50,5,6
18/09/2015,69,23,28,51,3,4
17/09/2015,71,32,17,73,6,5
16/09/2015,56,29,27,48,6,6
15/09/2015,64,24,26,40,5,3
14/09/2015,64,29,26,46,7,6
13/09/2015,60,26,25,40,6,6
12/09/2015,67,25,22,36,4,4
11/09/2015,88,25,29,43,4,5
10/09/2015,72,39,32,51,5,5
09/09/2015,57,31,24,48,4,4
08/09/2015,51,21,21,35,3,3
07/09/2015,52,16,18,38,1,3
06/09/2015,61,18,19,38,1,2
05/09/2015,60,21,27,31,2,3
04/09/2015,69,21,20,39,2,3
03/09/2015,69,22,18,41,2,3
02/09/2015,67,25,21,40,3,3
01/09/2015,70,23,20,41,4,4
31/08/2015,54,23,18,40,4,4
30/08/2015,72,16,20,30,2,2
29/08/2015,62,27,22,27,2,3
28/08/2015,63,20,25,41,4,3
27/08/2015,67,24,23,48,5,4
26/08/2015,64,24,19,45,5,4
25/08/2015,63,21,19,39,7,3
24/08/2015,60,22,17,44,7,4
23/08/2015,71,18,16,35,9,3
22/08/2015,66,24,32,43,7,5
21/08/2015,65,22,38,40,6,4
20/08/2015,63,21,22,44,6,5
19/08/2015,69,20,16,42,7,6
18/08/2015,77,23,26,52,6,6
17/08/2015,65,32,23,50,7,5
16/08/2015,63,27,32,42,6,3
15/08/2015,65,25,23,30,6,4
14/08/2015,95,25,27,27,6,3
13/08/2015,76,36,24,43,6,3
12/08/2015,49,31,18,28,5,3
11/08/2015,56,20,22,37,4,3
10/08/2015,59,22,12,43,5,3
09/08/2015,62,21,22,38,5,3
08/08/2015,63,22,36,49,5,4
07/08/2015,67,27,41,42,4,4
06/08/2015,69,26,28,54,5,3
05/08/2015,70,23,25,60,6,6
04/08/2015,62,27,27,48,2,5
03/08/2015,66,25,28,35,3,4
02/08/2015,57,26,26,44,5,6
01/08/2015,66,22,46,49,4,5
31/07/2015,70,33,28,47,5,5
30/07/2015,49,27,35,63,5,7
29/07/2015,49,31,24,40,4,2
28/07/2015,48,21,24,34,4,4
27/07/2015,56,19,27,48,5,7
26/07/2015,63,23,23,52,6,7
25/07/2015,54,23,24,50,5,7
24/07/2015,70,19,27,27,4,4
23/07/2015,56,29,25,58,4,4
22/07/2015,62,24,28,53,5,5
21/07/2015,64,25,25,58,5,6
20/07/2015,74,26,22,57,5,6
19/07/2015,57,31,16,45,5,6
18/07/2015,66,23,34,47,4,5
17/07/2015,70,26,35,56,5,5
16/07/2015,71,34,30,62,5,6
15/07/2015,61,33,33,53,4,4
14/07/2015,58,22,18,41,5,10
13/07/2015,64,19,14,40,5,5
12/07/2015,57,20,15,45,7,5
11/07/2015,62,19,21,38,6,5
10/07/2015,63,26,30,44,7,3
09/07/2015,54,28,43,65,6,4
08/07/2015,59,33,36,42,5,2
07/07/2015,53,24,31,39,6,3
06/07/2015,60,25,28,53,6,4
05/07/2015,62,23,27,49,6,3
04/07/2015,81,24,30,35,6,3
03/07/2015,53,33,34,43,5,3
02/07/2015,77,22,30,45,5,4
01/07/2015,104,33,41,70,6,7
30/06/2015,68,44,69,86,5,8
29/06/2015,64,34,45,77,6,7
28/06/2015,61,26,35,61,6,7
27/06/2015,59,25,24,49,5,8
26/06/2015,70,27,32,48,5,6
25/06/2015,74,30,38,77,6,7
24/06/2015,68,36,35,71,7,8
23/06/2015,55,26,35,77,6,8
22/06/2015,54,26,28,38,3,5
21/06/2015,53,24,22,41,5,6
20/06/2015,71,20,28,30,4,6
19/06/2015,70,29,21,47,5,6
18/06/2015,66,36,31,34,3,3
17/06/2015,63,39,32,33,3,4
16/06/2015,66,30,21,51,6,5
15/06/2015,48,32,37,62,5,6
14/06/2015,69,23,30,40,3,4
13/06/2015,88,30,29,35,4,5
12/06/2015,98,35,30,50,6,7
11/06/2015,69,48,44,67,4,6
10/06/2015,55,31,45,57,4,5
09/06/2015,50,26,36,44,2,3
08/06/2015,61,30,31,32,2,3
07/06/2015,54,28,27,40,3,3
06/06/2015,50,22,37,31,2,2
05/06/2015,89,21,33,34,4,2
04/06/2015,71,41,26,62,6,5
03/06/2015,60,37,34,65,5,4
02/06/2015,58,28,27,38,5,3
01/06/2015,60,24,33,38,5,3
31/05/2015,51,28,32,40,5,3
30/05/2015,59,21,30,31,4,2
29/05/2015,59,22,30,41,5,3
28/05/2015,51,24,29,47,6,3
27/05/2015,70,22,35,34,4,3
26/05/2015,57,26,35,49,3,3
25/05/2015,62,22,31,36,2,2
24/05/2015,58,25,34,27,2,3
23/05/2015,60,22,28,35,4,3
22/05/2015,69,26,25,30,3,2
21/05/2015,73,32,21,45,6,4
20/05/2015,60,31,38,63,7,5
19/05/2015,50,31,29,36,3,5
18/05/2015,57,20,28,50,6,7
17/05/2015,57,22,33,53,5,8
16/05/2015,65,25,35,42,3,7
15/05/2015,62,24,39,32,3,6
14/05/2015,66,28,31,50,3,5
13/05/2015,59,24,25,55,4,5
12/05/2015,55,31,30,57,3,5
11/05/2015,64,26,35,55,5,6
10/05/2015,61,27,30,61,5,5
09/05/2015,50,30,37,53,4,3
08/05/2015,77,25,38,46,4,4
07/05/2015,69,35,27,71,6,3
06/05/2015,66,26,31,69,6,5
05/05/2015,72,25,33,50,7,3
04/05/2015,62,28,34,39,8,2
03/05/2015,64,20,37,34,7,3
02/05/2015,65,20,33,34,7,3
01/05/2015,58,26,25,37,6,3
30/04/2015,63,26,27,43,5,3
29/04/2015,70,23,28,52,6,3
28/04/2015,61,49,28,62,7,4
27/04/2015,66,29,26,46,6,3
26/04/2015,61,28,19,37,6,3
25/04/2015,77,20,27,33,5,2
24/04/2015,125,26,31,51,6,4
23/04/2015,76,50,33,75,7,6
22/04/2015,69,30,30,59,5,4
21/04/2015,69,27,30,47,3,8
20/04/2015,71,34,33,49,3,13
19/04/2015,54,35,35,48,3,17
18/04/2015,53,23,34,34,3,15
17/04/2015,52,23,35,32,3,1
16/04/2015,65,22,30,39,4,1
15/04/2015,89,27,24,38,4,3
14/04/2015,74,37,36,55,6,4
13/04/2015,65,31,36,53,6,3
12/04/2015,56,28,29,45,5,2
11/04/2015,65,24,36,41,4, 
10/04/2015,144,26,35,37,4,2
09/04/2015,149,60,32,67,5,4
08/04/2015, ,59,23,64,3,4
07/04/2015,49, , , , , 
06/04/2015,70,22,24,40,4,5
05/04/2015,61,26,27,36,3,5
04/04/2015,66,21,27,29,2,5
03/04/2015,60,23,21,31,3,4
02/04/2015,55,22,20,35,4,5
01/04/2015,46,23,26,42,4,5
31/03/2015,30,20,29,35,4,4
30/03/2015,41,13,32,21,3,4
29/03/2015,36,19,29,34,4,5
28/03/2015,54,15,32,30,4,4
27/03/2015,54,20,25,31,4,4
26/03/2015,49,24,28,46,6,5
25/03/2015,82,19,27,37,5,4
24/03/2015,59,39,16,49,4,7
23/03/2015,71,30,23,45,4,5
22/03/2015,44,25,17,40,4,6
21/03/2015,55,29,29,24,2,3
20/03/2015,110,24,29,31,2,3
19/03/2015,106,48,35,48,3,5
18/03/2015,143,49,32,37,1,3
17/03/2015,156,56,24,32,1,4
16/03/2015,104,62,10,31,3,5
15/03/2015,81,42,12,33,4,5
14/03/2015,66,35,21,20,1,2
13/03/2015,80,25,26,19, ,2
12/03/2015,95,33,22,34,3,3
11/03/2015,99,41,19,43,4,4
10/03/2015,61,43,20,41,4,7
09/03/2015,63,33,18,49,3,5
08/03/2015,64,24,19,38,4,6
07/03/2015,76,30,27,36,4,6
06/03/2015,55,36,28,36,4,6
05/03/2015,64,24,29,43,4,6
04/03/2015,50,29,19,48,6,6
03/03/2015,45,25,26,41,3,4
02/03/2015,42,20,28,42,6,6
01/03/2015,43,18,29,37,5,4
28/02/2015,45,17,32,21,3,2
27/02/2015,61,18,28,31,4,3
26/02/2015,51,29,17,46,6,5
25/02/2015,54,31,14,58,3,6
24/02/2015,47,26,17,41,5,9
23/02/2015,51,20,23,35,6,8
22/02/2015,44,22,29,44,7,8
21/02/2015,49,13,30,29,5,7
20/02/2015,50,18,26,33,5,5
19/02/2015,61,22,23,46,5,6
18/02/2015,63,26,28,42,5,6
17/02/2015,52,27,25,38,4,6
16/02/2015,89,21,20,31,2,3
15/02/2015,99,36,13,44,6,7
14/02/2015,52,42,14,38,5,6
13/02/2015,98,19,25,36,5,4
12/02/2015,126,41,23,47,5,6
11/02/2015,97,55,4,49,6,7
10/02/2015,84,43,20,38,5,8
09/02/2015,86,44,16,49,6,8
08/02/2015,68,37,15,41,3,6
07/02/2015,63,38,23,36,2,5
06/02/2015,42,22,17,42,1,4
05/02/2015,48,22,18,23,2,4
04/02/2015,64,20,18,37,2,4
03/02/2015,61,33,15,47,4,5
02/02/2015,53,25,18,49,4,5
01/02/2015,37,27,13,39,5,5
31/01/2015,42,17,27,28,4,3
30/01/2015,44,14,21,36,6,5
29/01/2015,32,17,21,40,7,6
28/01/2015,28,10,23,42,7,6
27/01/2015,48,13,25,42,5,9
26/01/2015,49,17,10,39,4,8
25/01/2015,69,21,23,36,3,5
24/01/2015,50,36,15,44,5,11
23/01/2015,132,23,26,30,2,7
22/01/2015,114,54,8,53,9,12
21/01/2015,82,42,6,46,4,8
20/01/2015,100,32,14,43,5,8
19/01/2015,75,43,10,51,7,8
18/01/2015,55,26,10,41,4,6
17/01/2015,47,16,13,26,3,9
16/01/2015,53,13,12,24,3, 
15/01/2015,52,25,21,35,4,9
14/01/2015,44,20,34,45,6,9
13/01/2015,47,18,29,43,5,8
12/01/2015,45,18,29,47,6,10
11/01/2015,46,17,34,39,4,8
10/01/2015,32,19,26,39,3,8
09/01/2015,52,11,30,25,2,6
08/01/2015,50,20,31,39,5,8
07/01/2015,53,19,28,40,4,7
06/01/2015,51,22,24,39,4,7
05/01/2015,72,19,24,36,4,7
04/01/2015,88,29,14,42,5,7
03/01/2015,49,33,8,36,4,7
02/01/2015,42,16,21,37,2,4
01/01/2015,75,17,28,27,3,4
31/12/2014, ,28,24,19,3,3
28/12/2014,54, , , , , 
27/12/2014,43,27,21,29,1,5
26/12/2014,55,13,25,28,3,5
25/12/2014,44,18,19,38,2,7
24/12/2014,34,16,21,28,1,5
23/12/2014,42,11,30,32,2,5
22/12/2014,48,16,32,46,4,6
21/12/2014,43,18,27,45,4,6
20/12/2014,46,15,27,46,3,7
19/12/2014,43,17,22,43,3,6
18/12/2014,48,17,26,46,3,5
17/12/2014,56,18,24,42,5,2
16/12/2014,79,22,19,45,6,3
15/12/2014,64,34,5,54,7,5
14/12/2014,60,28,22,59,7,3
13/12/2014,77,25,25,37,4,3
12/12/2014,52,35,6,51,5,5
11/12/2014,53,20,32,47,5,2
10/12/2014,57,23,28,49,4,2
09/12/2014,60,27,30,52,5,2
08/12/2014,47,27,21,49,5,3
07/12/2014,49,19,14,38,2,2
06/12/2014,80,18,23,37,2,2
05/12/2014,76,32,4,48,3,4
04/12/2014,68,30,5,37,3,4
03/12/2014,53,25,16,34,2,6
02/12/2014,62,24,18,40, ,6
01/12/2014,81,24,20,43,1,7
30/11/2014,99,30,11,28,1,7
29/11/2014,105,39,9,29,3,10
28/11/2014,86,44,1,29,5,12
27/11/2014,89,36,1,29,5,10
26/11/2014,84,34,4,40,7,12
25/11/2014,75,31,4,36,5,8
24/11/2014,86,28, , , , 
23/11/2014,58,39, , , , 
22/11/2014,94,18, , , , 
21/11/2014,114,40, , , , 
20/11/2014,118,46, , , , 
19/11/2014,115,46, , , , 
18/11/2014,69,44, , , , 
17/11/2014,61,23, , , , 
16/11/2014,74,19, , , , 
15/11/2014,76,25, , , , 
14/11/2014,66,30, , , , 
13/11/2014,53,27, , , , 
12/11/2014,56,22, , , , 
11/11/2014,54,15, , , , 
10/11/2014,65,18, , , , 
09/11/2014,80,23, , , , 
08/11/2014,62,29, , , , 
07/11/2014,56,24, , , , 
06/11/2014,106,21, , , , 
05/11/2014,80,44, , , , 
04/11/2014,61,33, , , , 
03/11/2014,56,24, , , , 
02/11/2014,52,21, , , , 
01/11/2014,64,24, , , , 
31/10/2014,89,31, , , , 
30/10/2014,113,41, , , , 
29/10/2014,62,48, , , , 
28/10/2014,75,22, , , , 
27/10/2014,60,32, , , , 
26/10/2014,49,24, , , , 
25/10/2014,60,19, , , , 
24/10/2014,68,24, , , , 
23/10/2014,62,29, , , , 
22/10/2014,56,28, , , , 
21/10/2014,41,25,16,32,2,2
20/10/2014,62,15,21,25,2,1
19/10/2014,50,27,18,43,4,5
18/10/2014,56,23,22,32,2,3
17/10/2014,62,24,20,33,2,3
16/10/2014,67,31,18,41,4,4
15/10/2014,69,31,14,52,5,6
14/10/2014,46,30,7,31,2,3
13/10/2014,44,17,6,29,3,4
12/10/2014,59,16,26,26,3,4
11/10/2014,57,19,23,26,2,3
10/10/2014,53,21,23,39,3,4
09/10/2014,57,22,14,33,2,3
08/10/2014,63,25,22,30,2,2
07/10/2014,63,25,19,39,4,5
06/10/2014,58,26,22,45,4,6
05/10/2014,56,22,16,35,2,4
04/10/2014,61,21,19,33,2,4
03/10/2014,83,24,19,27,1,3
02/10/2014,72,36,21,47,4,6
01/10/2014,69,32,10,36,3,5
30/09/2014,92,34,17,36,3,5
29/09/2014,112,41,26,51,3,6
28/09/2014,88,47,17,49,4,7
27/09/2014,64,33,18,36,2,5
26/09/2014,66,26,11,38,2,4
25/09/2014,67,29,16,46,4,6
24/09/2014,82,33,18,48,4,6
23/09/2014,119,29,20,28,4,6
22/09/2014,92,42,15,25,14, 
21/09/2014,53,35,17,35,20,6
20/09/2014,97,18,26,32,3,6
19/09/2014,118,41,20,33,1,7
18/09/2014,130,47,14,42,3,9
17/09/2014,126,50,29,38,2,8
16/09/2014,120,48,29,30,1,6
15/09/2014,66,48,22,40,2,6
14/09/2014,63,26,19,41,1,5
13/09/2014,63,22,29,23, ,5
12/09/2014,72,23,27,30, ,5
11/09/2014,93,29,21,43,1,6
10/09/2014,66,37,13,40, ,6
09/09/2014,79,25,15,43,2,7
08/09/2014,79,31,19,51,1,6
07/09/2014,102,31,25,44,3,5
06/09/2014,136,38,25,36,3,4
05/09/2014,114,51,22,43,2,5
04/09/2014,86,46,26,50,1,4
03/09/2014,84,33,17,37,1,4
02/09/2014,59,31,26,38,1,4
01/09/2014,71,20,17,31,1,4
31/08/2014,45,23,5,43,3,7
30/08/2014,35,13,21,20,1,5
29/08/2014,48,10,18,10,1, 
28/08/2014,47,17,18,13, ,2
27/08/2014,61,15,23,23, ,2
26/08/2014,50,23,21,36,1,2
25/08/2014,85,17,31,28,2,2
24/08/2014,53,29,19,33,4,4
23/08/2014,38,16,29,39,3,3
22/08/2014,40,12,27,28,2,2
21/08/2014,60,13,25,33,3,2
20/08/2014,41,19,23,47,5,4
19/08/2014,35,14,22,29,3,2
18/08/2014,42,10,23,27,2,2
17/08/2014,42,12,20,31,6,2
16/08/2014,47,12,28,58,4,6
15/08/2014,50,14,29,33,14,2
14/08/2014,52,16,19,34,12,2
13/08/2014,42,16,20,38,10,5
12/08/2014,56,14,19,27,7,3
11/08/2014,58,20,28,43,6,5
10/08/2014, ,19,21,42,6,6
09/08/2014,64, , , , , 
08/08/2014,76,21,24,32,5,5
07/08/2014,58,25,24,43,5,5
06/08/2014,60,17,28,38,4,4
05/08/2014,64,19,29,38,5,5
04/08/2014,57,20,28,41,5,5
03/08/2014,49,19,28,38,5,5
02/08/2014,61,15,31,32,3,4
01/08/2014,72,19,28,32,4,5
31/07/2014,67,24,30,45,5,6
30/07/2014,54,23,28,40,7,4
29/07/2014,42,17,34,21,8,9
28/07/2014,44,12,37,15,7,2
27/07/2014,55,12,25,17,5,2
26/07/2014,68,17,31,21,5,2
25/07/2014,62,23,43,20,4,3
24/07/2014,58,20,27,26,4,3
23/07/2014,59,20,35,12,3,2
22/07/2014,55,20,34,23,2,2
21/07/2014,64,17,22,15,2,2
20/07/2014,69,20,26,24,2,3
19/07/2014,68,23,32,24,3,3
18/07/2014,82,23,42,44,4,3
17/07/2014,53,30,45,57,4,3
16/07/2014,63,21,27,44,5,3
15/07/2014,52,24,29,48,4,4
14/07/2014,46,17,27,36,4,3
13/07/2014,50,15,28,36,3,3
12/07/2014,66,15,23,26,4,3
11/07/2014,58,22,38,35,3,3
10/07/2014,52,17,17,41,2,3
09/07/2014,58,17,21,35,2,2
08/07/2014,58,19,28,30,2,2
07/07/2014,46,16,16,40,4,3
06/07/2014,55,14,18,36,4,4
05/07/2014,31,18,24,40,4,4
04/07/2014,62,7,18,8,4,4
03/07/2014,64,21,35,54,6,5
02/07/2014,60,22,36,64,6,5
01/07/2014,49,22,28,53,6,5
30/06/2014,49,16,29,48,4,3
29/06/2014,32,18,27,44,4,4
28/06/2014,45,11,24,21,3,2
27/06/2014,67,16,16,33,5,4
26/06/2014,48,25,24,48,5,5
25/06/2014,36,18,28,44,3,4
24/06/2014,66,12,28,38,2,3
23/06/2014,77,22,28,38,3,3
22/06/2014,56,19,25,46,4,4
21/06/2014,52,20,28,38,3,4
20/06/2014,46,17,33,35,3,3
19/06/2014,62,16,25,38,3,3
18/06/2014,38,21,11,33,3,4
17/06/2014,44,12,17,34,3,2
16/06/2014,39,18,29,28,4,2
15/06/2014,32,13,22,31,4,2
14/06/2014,54,10,26,21,2,2
13/06/2014,62,17,28,29,4,3
12/06/2014,61,24,36,41,4,3
11/06/2014,55,22,33,42,3,3
10/06/2014,61,18,28,38,4,3
09/06/2014,68,16,30,44,6,5
08/06/2014,57,20,34,46,5,5
07/06/2014,71,15,36,41,4,4
06/06/2014,56,23,36,40,5,4
05/06/2014,34,20,34,48,5,4
04/06/2014,60,11,22,16,3,3
03/06/2014,68,20,23,47,7,4
02/06/2014,66,21,20,43,6,5
01/06/2014,69,22,28,48,5,4
31/05/2014,57,24,29,33,3,3
30/05/2014,59,19,35,41,2,3
29/05/2014,67,22,24,31,2,3
28/05/2014,48,22,18,38,4,4
27/05/2014,48,39,21,30,4,4
26/05/2014,46,17,21,40,2,3
25/05/2014,48,16,15,39,2, 
24/05/2014,56,16,29,30,3, 
23/05/2014,57,19,26,41,4, 
22/05/2014,57,20,32,46,4,2
21/05/2014,62,18,32,45,5,4
20/05/2014,77,21,27,46,4,3
19/05/2014,98,28,38,57,5,5
18/05/2014,73,38,41,54,4,4
17/05/2014,72,27,49,44,3,4
16/05/2014,77,27,31,26,1, 
15/05/2014,70,27,27,43,3,3
14/05/2014,54,26,28,44,3,3
13/05/2014,57,16,28,46,2,2
12/05/2014,49,19,20,46,4,3
11/05/2014,46,18,27,43,5,4
10/05/2014,53,19,29,39,3,3
09/05/2014,59,19,27,37,4,3
08/05/2014,57,24,30,46,5,4
07/05/2014,56,22,28,51,6,6
06/05/2014,62,22,28,55,6,5
05/05/2014,75,25,34,56,6,6
04/05/2014,64,30,47,53,3,5
03/05/2014,49,24,41,51,3,5
02/05/2014,66,18,35,38,2,3
01/05/2014,83,25,30,45,1,3
30/04/2014,101,32,25,57,6,6
29/04/2014,104,40,36,63,6,9
28/04/2014,83,42,25,48,4,9
27/04/2014,50,34,25,41,3,8
26/04/2014,57,19,25,37,4,8
25/04/2014,87,23,32,42,4,9
24/04/2014,66,36,21,43,4,9
23/04/2014,70,25,22,51,5,10
22/04/2014,78,28,27,52,5,9
21/04/2014,107,34,27,48,6,10
20/04/2014,117,42,25,38,3,9
19/04/2014,49,49,28,24,2,9
18/04/2014,44,19,32,24,1,7
17/04/2014,78,19,32,30,1,7
16/04/2014,64,36,29,51,5,8
15/04/2014,48,31,33,56,4,9
14/04/2014,55,20,25,36,2,5
13/04/2014,52,21,28,37,2,3
12/04/2014,71,20,31,25,3,4
11/04/2014,61,31,27,40,4,7
10/04/2014,55,26,27,51,3,4
09/04/2014,64,23,25,40,5,3
08/04/2014,42,28,25,43,6,3
07/04/2014,48,17,32,33,4,2
06/04/2014,49,17,23,29,5,2
05/04/2014,57,15,22,19,4,1
04/04/2014,99,21,23,29,4,2
03/04/2014,133,38,25,38,7,5
02/04/2014,144,61,11,31,2,4
01/04/2014,105,63,12,48,5,4
31/03/2014,82,45,17,50,6,4
30/03/2014,113,34,27,49,4,3
29/03/2014,132,45,29,44,4,4
28/03/2014,137,52,31,38,4,3
27/03/2014,86,54,15,45,4,3
26/03/2014,68,34,19,48,4,2
25/03/2014,65,26,21,48,3,3
24/03/2014,58,25,26,47,3,4
23/03/2014,38,22,28,45,4,7
22/03/2014,38,15,31,27,3,6
21/03/2014,57,16,33,28,4,7
20/03/2014,69,25,30,47,6,7
19/03/2014,70,32,32,34,4,3
18/03/2014,63,33,24,44,6,5
17/03/2014,78,26,25,37,6,2
16/03/2014,57,32,17,38,6,2
15/03/2014,65,21,31,28,4,1
14/03/2014,160,25,29,26,3,1
13/03/2014,151,69,19,58,7,4
12/03/2014,109,63,17,50,3,4
11/03/2014,61,47,9,39,3,4
10/03/2014,77,29,26,25, ,2
09/03/2014,94,32,27,42,2,3
08/03/2014, ,42,28,29,2,5
07/03/2014,69, ,24,21,1, 
06/03/2014,76,29,18,47,5,6
05/03/2014,98,34,27,49,5,5
04/03/2014,85,45,14,62,8,5
03/03/2014,51,36,11,64,9,4
02/03/2014,52,18,22,55,8,2
01/03/2014,79,20,26,32,7,1
28/02/2014,52,32,15,40,7,2
27/02/2014,59,18,15,50,6,1
26/02/2014,64,25,21,51,6,2
25/02/2014,56,29,13,55,7,8
24/02/2014,65,23,30,52,5,4
23/02/2014,47,25,27,44,5,3
22/02/2014,53,19,29,32,3,3
21/02/2014,59,23,24,46,4,4
20/02/2014,51,24,25,40,5,3
19/02/2014,76,17,21,23,3,1
18/02/2014,73,29,19,34,4,3
17/02/2014,64,29,19,43,6,5
16/02/2014,62,26,19,41,5,3
15/02/2014,52,25,20,40,4,5
14/02/2014,49,21,31,32,4,6
13/02/2014,52,20,31,39,4,4
12/02/2014,51,23,26,44,6,3
11/02/2014,56,20,26,34,7,3
10/02/2014,54,21,24,43,5,7
09/02/2014,45,22,17,43,5,6
08/02/2014,46,20,30,24,3,5
07/02/2014,54,19,30,22,3,5
06/02/2014,60,20,28,35,5,7
05/02/2014,53,23,28,42,5,7
04/02/2014,52,24,29,35,4,6
03/02/2014,48,21,25,38,4,6
02/02/2014,38,19,16,31,2,4
01/02/2014,26,19,21,29,3,5
31/01/2014,63,13,21,27,3,4
30/01/2014,79,22,17,40,5,7
29/01/2014,53,28,4,45,4,15
28/01/2014,50,19,17,41,2,8
27/01/2014,55,21,22,41,4,4
26/01/2014,49,24,25,42,6,5
25/01/2014,56,20,25,30,3,4
24/01/2014,66,22,26,28,3,3
23/01/2014,63,29,13,47,4,4
22/01/2014,65,24,17,37,4,4
21/01/2014,109,29,16,39,5,4
20/01/2014,99,46,16,53,8,8
19/01/2014,59,40,2,60,7,7
18/01/2014,53,23,18,31,4,3
17/01/2014,56,20,14,32,2,2
16/01/2014,53,22,28,38,5,4
15/01/2014,50,24,25,31,5,5
14/01/2014,58,23,23,34,3,6
13/01/2014,53,26,15,38,5,7
12/01/2014,90,23,24,38,5,7
11/01/2014,106,34,12,38,4,9
10/01/2014,61,40,2,63,4,9
09/01/2014,50,27,15,45,6,8
08/01/2014,36,21,24,31,3,6
07/01/2014,42,24,22,31,4,6
06/01/2014,42,30,28,28,2,6
05/01/2014,44,23,28,27,3,4
04/01/2014,48,15,24,27,3,5
03/01/2014,49,18,27,27,3,5
02/01/2014,46,27,31,28,3,5
01/01/2014,37,20,26,29,11,5
31/12/2013, ,16,29,23,6,4